data,venda,estoque,preco,month,year,weekday,is_holiday,rolling_avg,monthly_avg,yearly_avg,category,store,region
2014-01-02,70,4902,1.29,1,2014,3,0,102.82424242424243,107.5,86.49657534246575,Category A,Store 1,North
2014-01-03,59,4843,1.29,1,2014,4,0,102.82424242424243,107.5,86.49657534246575,Category A,Store 1,North
2014-01-04,93,4750,1.29,1,2014,5,0,102.82424242424243,107.5,86.49657534246575,Category A,Store 1,North
2014-01-05,96,4654,1.29,1,2014,6,0,102.82424242424243,107.5,86.49657534246575,Category A,Store 1,North
2014-01-06,145,4509,1.29,1,2014,0,0,102.82424242424243,107.5,86.49657534246575,Category A,Store 1,North
2014-01-07,179,4329,1.29,1,2014,1,0,102.82424242424243,107.5,86.49657534246575,Category A,Store 1,North
2014-01-08,321,4104,1.29,1,2014,2,0,137.57142857142858,107.5,86.49657534246575,Category A,Store 1,North
2014-01-09,125,4459,1.09,1,2014,3,0,145.42857142857142,107.5,86.49657534246575,Category A,Store 1,North
2014-01-10,88,5043,1.09,1,2014,4,0,149.57142857142858,107.5,86.49657534246575,Category A,Store 1,North
2014-01-11,188,5239,1.09,1,2014,5,0,163.14285714285714,107.5,86.49657534246575,Category A,Store 1,North
2014-01-12,121,5118,1.09,1,2014,6,0,166.71428571428572,107.5,86.49657534246575,Category A,Store 1,North
2014-01-13,134,4984,1.09,1,2014,0,0,165.14285714285714,107.5,86.49657534246575,Category A,Store 1,North
2014-01-14,80,4904,1.09,1,2014,1,0,151.0,107.5,86.49657534246575,Category A,Store 1,North
2014-01-15,82,4822,1.09,1,2014,2,0,116.85714285714286,107.5,86.49657534246575,Category A,Store 1,North
2014-01-16,94,4728,1.19,1,2014,3,0,112.42857142857143,107.5,86.49657534246575,Category A,Store 1,North
2014-01-18,159,4464,1.19,1,2014,5,0,122.57142857142857,107.5,86.49657534246575,Category A,Store 1,North
2014-01-19,199,4265,1.19,1,2014,6,0,124.14285714285714,107.5,86.49657534246575,Category A,Store 1,North
2014-01-20,104,4161,1.19,1,2014,0,0,121.71428571428571,107.5,86.49657534246575,Category A,Store 1,North
2014-01-21,70,4091,1.19,1,2014,1,0,112.57142857142857,107.5,86.49657534246575,Category A,Store 1,North
2014-01-22,127,3964,1.09,1,2014,2,0,119.28571428571429,107.5,86.49657534246575,Category A,Store 1,North
2014-01-23,96,3868,1.09,1,2014,3,0,121.28571428571429,107.5,86.49657534246575,Category A,Store 1,North
2014-01-24,75,3793,1.09,1,2014,4,0,118.57142857142857,107.5,86.49657534246575,Category A,Store 1,North
2014-01-25,198,3595,1.09,1,2014,5,0,124.14285714285714,107.5,86.49657534246575,Category A,Store 1,North
2014-01-26,168,3427,1.09,1,2014,6,0,119.71428571428571,107.5,86.49657534246575,Category A,Store 1,North
2014-01-27,125,3302,1.09,1,2014,0,0,122.71428571428571,107.5,86.49657534246575,Category A,Store 1,North
2014-01-28,86,3216,1.09,1,2014,1,0,125.0,107.5,86.49657534246575,Category A,Store 1,North
2014-01-29,222,2994,0.99,1,2014,2,0,138.57142857142858,107.5,86.49657534246575,Category A,Store 1,North
2014-01-30,272,2723,0.99,1,2014,3,0,163.71428571428572,107.5,86.49657534246575,Category A,Store 1,North
2014-01-31,209,2514,0.99,1,2014,4,0,182.85714285714286,107.5,86.49657534246575,Category A,Store 1,North
2014-02-01,369,2145,0.99,2,2014,5,0,207.28571428571428,81.5421686746988,86.49657534246575,Category A,Store 1,North
2014-02-02,217,1928,0.99,2,2014,6,0,214.28571428571428,81.5421686746988,86.49657534246575,Category A,Store 1,North
2014-02-03,97,1831,0.99,2,2014,0,0,210.28571428571428,81.5421686746988,86.49657534246575,Category A,Store 1,North
2014-02-04,117,1714,0.99,2,2014,1,0,214.71428571428572,81.5421686746988,86.49657534246575,Category A,Store 1,North
2014-02-05,100,1998,1.29,2,2014,2,0,197.28571428571428,81.5421686746988,86.49657534246575,Category A,Store 1,North
2014-02-06,64,2126,1.29,2,2014,3,0,167.57142857142858,81.5421686746988,86.49657534246575,Category A,Store 1,North
2014-02-07,35,2091,1.29,2,2014,4,0,142.71428571428572,81.5421686746988,86.49657534246575,Category A,Store 1,North
2014-02-08,54,2037,1.29,2,2014,5,0,97.71428571428571,81.5421686746988,86.49657534246575,Category A,Store 1,North
2014-02-09,55,1982,1.29,2,2014,6,0,74.57142857142857,81.5421686746988,86.49657534246575,Category A,Store 1,North
2014-02-12,8,7228,1.29,2,2014,2,0,61.857142857142854,81.5421686746988,86.49657534246575,Category A,Store 1,North
2014-02-13,43,7185,1.09,2,2014,3,0,51.285714285714285,81.5421686746988,86.49657534246575,Category A,Store 1,North
2014-02-14,107,7078,1.09,2,2014,4,0,52.285714285714285,81.5421686746988,86.49657534246575,Category A,Store 1,North
2014-02-15,116,6962,1.09,2,2014,5,0,59.714285714285715,81.5421686746988,86.49657534246575,Category A,Store 1,North
2014-02-16,87,6875,1.09,2,2014,6,0,67.14285714285714,81.5421686746988,86.49657534246575,Category A,Store 1,North
2014-02-17,66,6809,1.09,2,2014,0,0,68.85714285714286,81.5421686746988,86.49657534246575,Category A,Store 1,North
2014-02-18,44,6765,1.09,2,2014,1,0,67.28571428571429,81.5421686746988,86.49657534246575,Category A,Store 1,North
2014-02-19,33,6731,1.09,2,2014,2,0,70.85714285714286,81.5421686746988,86.49657534246575,Category A,Store 1,North
2014-02-20,13,6718,1.09,2,2014,3,0,66.57142857142857,81.5421686746988,86.49657534246575,Category A,Store 1,North
2014-02-21,53,6665,1.09,2,2014,4,0,58.857142857142854,81.5421686746988,86.49657534246575,Category A,Store 1,North
2014-02-22,72,6593,1.09,2,2014,5,0,52.57142857142857,81.5421686746988,86.49657534246575,Category A,Store 1,North
2014-02-23,50,6543,1.09,2,2014,6,0,47.285714285714285,81.5421686746988,86.49657534246575,Category A,Store 1,North
2014-02-24,15,6528,1.09,2,2014,0,0,40.0,81.5421686746988,86.49657534246575,Category A,Store 1,North
2014-02-25,12,6516,1.09,2,2014,1,0,35.42857142857143,81.5421686746988,86.49657534246575,Category A,Store 1,North
2014-02-26,71,6445,1.09,2,2014,2,0,40.857142857142854,81.5421686746988,86.49657534246575,Category A,Store 1,North
2014-02-27,37,6412,1.09,2,2014,3,0,44.285714285714285,81.5421686746988,86.49657534246575,Category A,Store 1,North
2014-02-28,83,6329,1.09,2,2014,4,0,48.57142857142857,81.5421686746988,86.49657534246575,Category A,Store 1,North
2014-03-01,94,6237,1.09,3,2014,5,0,51.714285714285715,86.76404494382022,86.49657534246575,Category A,Store 1,North
2014-03-02,59,6178,1.09,3,2014,6,0,53.0,86.76404494382022,86.49657534246575,Category A,Store 1,North
2014-03-03,49,6129,1.09,3,2014,0,0,57.857142857142854,86.76404494382022,86.49657534246575,Category A,Store 1,North
2014-03-05,65,6012,1.09,3,2014,2,0,65.42857142857143,86.76404494382022,86.49657534246575,Category A,Store 1,North
2014-03-06,55,5957,1.09,3,2014,3,0,63.142857142857146,86.76404494382022,86.49657534246575,Category A,Store 1,North
2014-03-07,77,5880,1.09,3,2014,4,0,68.85714285714286,86.76404494382022,86.49657534246575,Category A,Store 1,North
2014-03-08,122,5755,1.09,3,2014,5,0,74.42857142857143,86.76404494382022,86.49657534246575,Category A,Store 1,North
2014-03-09,83,5672,1.09,3,2014,6,0,72.85714285714286,86.76404494382022,86.49657534246575,Category A,Store 1,North
2014-03-10,75,5597,1.09,3,2014,0,0,75.14285714285714,86.76404494382022,86.49657534246575,Category A,Store 1,North
2014-03-11,48,5549,1.09,3,2014,1,0,75.0,86.76404494382022,86.49657534246575,Category A,Store 1,North
2014-03-12,45,5504,1.29,3,2014,2,0,72.14285714285714,86.76404494382022,86.49657534246575,Category A,Store 1,North
2014-03-13,78,4659,1.29,3,2014,3,0,75.42857142857143,86.76404494382022,86.49657534246575,Category A,Store 1,North
2014-03-14,122,4537,1.29,3,2014,4,0,81.85714285714286,86.76404494382022,86.49657534246575,Category A,Store 1,North
2014-03-16,116,4274,1.29,3,2014,6,0,81.0,86.76404494382022,86.49657534246575,Category A,Store 1,North
2014-03-17,48,4228,1.29,3,2014,0,0,76.0,86.76404494382022,86.49657534246575,Category A,Store 1,North
2014-03-18,29,4199,1.29,3,2014,1,0,69.42857142857143,86.76404494382022,86.49657534246575,Category A,Store 1,North
2014-03-19,91,4107,1.29,3,2014,2,0,75.57142857142857,86.76404494382022,86.49657534246575,Category A,Store 1,North
2014-03-20,59,4048,1.29,3,2014,3,0,77.57142857142857,86.76404494382022,86.49657534246575,Category A,Store 1,North
2014-03-21,68,3980,1.29,3,2014,4,0,76.14285714285714,86.76404494382022,86.49657534246575,Category A,Store 1,North
2014-03-22,137,3843,1.28,3,2014,5,0,78.28571428571429,86.76404494382022,86.49657534246575,Category A,Store 1,North
2014-03-23,56,3787,1.29,3,2014,6,0,69.71428571428571,86.76404494382022,86.49657534246575,Category A,Store 1,North
2014-03-24,13,3774,1.29,3,2014,0,0,64.71428571428571,86.76404494382022,86.49657534246575,Category A,Store 1,North
2014-03-25,45,3729,1.29,3,2014,1,0,67.0,86.76404494382022,86.49657534246575,Category A,Store 1,North
2014-03-26,25,3704,1.29,3,2014,2,0,57.57142857142857,86.76404494382022,86.49657534246575,Category A,Store 1,North
2014-03-27,25,3679,1.29,3,2014,3,0,52.714285714285715,86.76404494382022,86.49657534246575,Category A,Store 1,North
2014-03-28,174,3505,1.19,3,2014,4,0,67.85714285714286,86.76404494382022,86.49657534246575,Category A,Store 1,North
2014-03-29,138,3367,1.09,3,2014,5,0,68.0,86.76404494382022,86.49657534246575,Category A,Store 1,North
2014-03-30,64,3303,1.09,3,2014,6,0,69.14285714285714,86.76404494382022,86.49657534246575,Category A,Store 1,North
2014-03-31,77,3226,1.09,3,2014,0,0,78.28571428571429,86.76404494382022,86.49657534246575,Category A,Store 1,North
2014-04-01,62,3164,1.09,4,2014,1,0,80.71428571428571,91.47191011235955,86.49657534246575,Category A,Store 1,North
2014-04-02,119,3045,1.09,4,2014,2,0,94.14285714285714,91.47191011235955,86.49657534246575,Category A,Store 1,North
2014-04-03,89,2956,1.09,4,2014,3,0,103.28571428571429,91.47191011235955,86.49657534246575,Category A,Store 1,North
2014-04-04,133,2823,1.09,4,2014,4,0,97.42857142857143,91.47191011235955,86.49657534246575,Category A,Store 1,North
2014-04-05,180,2643,1.09,4,2014,5,0,103.42857142857143,91.47191011235955,86.49657534246575,Category A,Store 1,North
2014-04-06,121,2522,1.09,4,2014,6,0,111.57142857142857,91.47191011235955,86.49657534246575,Category A,Store 1,North
2014-04-07,72,2450,1.09,4,2014,0,0,110.85714285714286,91.47191011235955,86.49657534246575,Category A,Store 1,North
2014-04-08,91,2359,1.09,4,2014,1,0,115.0,91.47191011235955,86.49657534246575,Category A,Store 1,North
2014-04-09,53,2306,1.09,4,2014,2,0,105.57142857142857,91.47191011235955,86.49657534246575,Category A,Store 1,North
2014-04-10,47,2259,1.09,4,2014,3,0,99.57142857142857,91.47191011235955,86.49657534246575,Category A,Store 1,North
2014-04-11,42,2217,1.09,4,2014,4,0,86.57142857142857,91.47191011235955,86.49657534246575,Category A,Store 1,North
2014-04-12,124,2092,1.09,4,2014,5,0,78.57142857142857,91.47191011235955,86.49657534246575,Category A,Store 1,North
2014-04-13,97,1995,1.09,4,2014,6,0,75.14285714285714,91.47191011235955,86.49657534246575,Category A,Store 1,North
2014-04-14,119,1875,1.09,4,2014,0,0,81.85714285714286,91.47191011235955,86.49657534246575,Category A,Store 1,North
2014-04-15,34,1841,1.29,4,2014,1,0,73.71428571428571,91.47191011235955,86.49657534246575,Category A,Store 1,North
2014-04-16,18,1823,1.29,4,2014,2,0,68.71428571428571,91.47191011235955,86.49657534246575,Category A,Store 1,North
2014-04-17,24,1799,1.29,4,2014,3,0,65.42857142857143,91.47191011235955,86.49657534246575,Category A,Store 1,North
2014-04-18,57,1742,1.29,4,2014,4,0,67.57142857142857,91.47191011235955,86.49657534246575,Category A,Store 1,North
2014-04-19,61,1681,1.29,4,2014,5,0,58.57142857142857,91.47191011235955,86.49657534246575,Category A,Store 1,North
2014-04-20,30,1651,1.29,4,2014,6,0,49.0,91.47191011235955,86.49657534246575,Category A,Store 1,North
2014-04-21,96,1554,1.29,4,2014,0,0,45.714285714285715,91.47191011235955,86.49657534246575,Category A,Store 1,North
2014-04-23,37,1488,1.29,4,2014,2,0,46.142857142857146,91.47191011235955,86.49657534246575,Category A,Store 1,North
2014-04-24,30,1458,1.29,4,2014,3,0,47.857142857142854,91.47191011235955,86.49657534246575,Category A,Store 1,North
2014-04-25,38,1420,1.29,4,2014,4,0,49.857142857142854,91.47191011235955,86.49657534246575,Category A,Store 1,North
2014-04-26,88,1332,1.29,4,2014,5,0,54.285714285714285,91.47191011235955,86.49657534246575,Category A,Store 1,North
2014-04-27,64,1268,1.29,4,2014,6,0,54.714285714285715,91.47191011235955,86.49657534246575,Category A,Store 1,North
2014-04-28,13,1255,1.29,4,2014,0,0,52.285714285714285,91.47191011235955,86.49657534246575,Category A,Store 1,North
2014-04-29,20,1255,1.29,4,2014,1,0,41.42857142857143,91.47191011235955,86.49657534246575,Category A,Store 1,North
2014-04-30,31,1457,1.29,4,2014,2,0,40.57142857142857,91.47191011235955,86.49657534246575,Category A,Store 1,North
2014-05-01,129,1263,1.29,5,2014,3,0,54.714285714285715,112.64179104477611,86.49657534246575,Category A,Store 1,North
2014-05-02,94,1169,1.29,5,2014,4,0,62.714285714285715,112.64179104477611,86.49657534246575,Category A,Store 1,North
2014-05-03,129,1904,1.29,5,2014,5,0,68.57142857142857,112.64179104477611,86.49657534246575,Category A,Store 1,North
2014-05-04,126,1778,1.29,5,2014,6,0,77.42857142857143,112.64179104477611,86.49657534246575,Category A,Store 1,North
2014-05-05,70,1708,1.29,5,2014,0,0,85.57142857142857,112.64179104477611,86.49657534246575,Category A,Store 1,North
2014-05-06,48,1708,1.29,5,2014,1,0,89.57142857142857,112.64179104477611,86.49657534246575,Category A,Store 1,North
2014-05-07,123,2044,1.29,5,2014,2,0,102.71428571428571,112.64179104477611,86.49657534246575,Category A,Store 1,North
2014-05-08,87,1930,1.29,5,2014,3,0,96.71428571428571,112.64179104477611,86.49657534246575,Category A,Store 1,North
2014-05-09,65,1961,1.29,5,2014,4,0,92.57142857142857,112.64179104477611,86.49657534246575,Category A,Store 1,North
2014-05-10,102,1859,1.29,5,2014,5,0,88.71428571428571,112.64179104477611,86.49657534246575,Category A,Store 1,North
2014-05-11,78,1781,1.29,5,2014,6,0,81.85714285714286,112.64179104477611,86.49657534246575,Category A,Store 1,North
2014-05-12,49,1828,1.29,5,2014,0,0,78.85714285714286,112.64179104477611,86.49657534246575,Category A,Store 1,North
2014-05-14,68,1687,1.09,5,2014,2,0,81.71428571428571,112.64179104477611,86.49657534246575,Category A,Store 1,North
2014-05-15,102,1969,1.09,5,2014,3,0,78.71428571428571,112.64179104477611,86.49657534246575,Category A,Store 1,North
2014-05-16,88,1977,1.09,5,2014,4,0,78.85714285714286,112.64179104477611,86.49657534246575,Category A,Store 1,North
2014-05-17,170,1807,1.09,5,2014,5,0,93.85714285714286,112.64179104477611,86.49657534246575,Category A,Store 1,North
2014-05-18,152,1655,1.09,5,2014,6,0,101.0,112.64179104477611,86.49657534246575,Category A,Store 1,North
2014-05-19,90,1661,1.09,5,2014,0,0,102.71428571428571,112.64179104477611,86.49657534246575,Category A,Store 1,North
2014-05-20,101,1751,1.09,5,2014,1,0,110.14285714285714,112.64179104477611,86.49657534246575,Category A,Store 1,North
2014-05-21,71,1680,1.43,5,2014,2,0,110.57142857142857,112.64179104477611,86.49657534246575,Category A,Store 1,North
2014-05-22,48,2016,1.49,5,2014,3,0,102.85714285714286,112.64179104477611,86.49657534246575,Category A,Store 1,North
2014-05-23,40,1976,1.49,5,2014,4,0,96.0,112.64179104477611,86.49657534246575,Category A,Store 1,North
2014-05-24,93,1883,1.49,5,2014,5,0,85.0,112.64179104477611,86.49657534246575,Category A,Store 1,North
2014-05-25,45,1838,1.49,5,2014,6,0,69.71428571428571,112.64179104477611,86.49657534246575,Category A,Store 1,North
2014-05-26,58,1876,1.49,5,2014,0,0,65.14285714285714,112.64179104477611,86.49657534246575,Category A,Store 1,North
2014-05-27,53,1919,1.49,5,2014,1,0,58.285714285714285,112.64179104477611,86.49657534246575,Category A,Store 1,North
2014-05-28,42,3317,1.49,5,2014,2,0,54.142857142857146,112.64179104477611,86.49657534246575,Category A,Store 1,North
2014-05-29,52,3841,1.49,5,2014,3,0,54.714285714285715,112.64179104477611,86.49657534246575,Category A,Store 1,North
2014-05-30,29,3811,1.99,5,2014,4,0,53.142857142857146,112.64179104477611,86.49657534246575,Category A,Store 1,North
2014-05-31,91,3720,1.99,5,2014,5,0,52.857142857142854,112.64179104477611,86.49657534246575,Category A,Store 1,North
2014-06-01,75,3645,1.99,6,2014,6,0,57.142857142857146,142.84337349397592,86.49657534246575,Category A,Store 1,North
2014-06-02,75,3570,1.99,6,2014,0,0,59.57142857142857,142.84337349397592,86.49657534246575,Category A,Store 1,North
2014-06-03,179,3391,1.19,6,2014,1,0,77.57142857142857,142.84337349397592,86.49657534246575,Category A,Store 1,North
2014-06-04,252,3140,1.19,6,2014,2,0,107.57142857142857,142.84337349397592,86.49657534246575,Category A,Store 1,North
2014-06-05,202,2938,1.19,6,2014,3,0,129.0,142.84337349397592,86.49657534246575,Category A,Store 1,North
2014-06-06,161,2777,1.19,6,2014,4,0,147.85714285714286,142.84337349397592,86.49657534246575,Category A,Store 1,North
2014-06-07,331,2446,1.19,6,2014,5,0,182.14285714285714,142.84337349397592,86.49657534246575,Category A,Store 1,North
2014-06-08,271,2175,1.19,6,2014,6,0,210.14285714285714,142.84337349397592,86.49657534246575,Category A,Store 1,North
2014-06-09,146,1949,1.19,6,2014,0,0,220.28571428571428,142.84337349397592,86.49657534246575,Category A,Store 1,North
2014-06-10,2,1946,1.19,6,2014,1,0,195.0,142.84337349397592,86.49657534246575,Category A,Store 1,North
2014-06-11,2,2136,1.19,6,2014,2,0,159.28571428571428,142.84337349397592,86.49657534246575,Category A,Store 1,North
2014-06-15,13,2315,1.49,6,2014,6,0,132.28571428571428,142.84337349397592,86.49657534246575,Category A,Store 1,North
2014-06-16,30,2285,1.49,6,2014,0,0,113.57142857142857,142.84337349397592,86.49657534246575,Category A,Store 1,North
2014-06-17,34,2251,1.49,6,2014,1,0,71.14285714285714,142.84337349397592,86.49657534246575,Category A,Store 1,North
2014-06-18,8,2243,1.49,6,2014,2,0,33.57142857142857,142.84337349397592,86.49657534246575,Category A,Store 1,North
2014-06-19,67,2176,1.29,6,2014,3,0,22.285714285714285,142.84337349397592,86.49657534246575,Category A,Store 1,North
2014-06-20,41,2135,1.29,6,2014,4,0,27.857142857142858,142.84337349397592,86.49657534246575,Category A,Store 1,North
2014-06-21,89,2046,1.29,6,2014,5,0,40.285714285714285,142.84337349397592,86.49657534246575,Category A,Store 1,North
2014-06-22,49,1997,1.29,6,2014,6,0,45.42857142857143,142.84337349397592,86.49657534246575,Category A,Store 1,North
2014-06-23,62,2031,1.29,6,2014,0,0,50.0,142.84337349397592,86.49657534246575,Category A,Store 1,North
2014-06-24,81,2046,1.29,6,2014,1,0,56.714285714285715,142.84337349397592,86.49657534246575,Category A,Store 1,North
2014-06-25,42,2004,1.29,6,2014,2,0,61.57142857142857,142.84337349397592,86.49657534246575,Category A,Store 1,North
2014-06-26,63,2037,1.29,6,2014,3,0,61.0,142.84337349397592,86.49657534246575,Category A,Store 1,North
2014-06-27,107,1930,1.18,6,2014,4,0,70.42857142857143,142.84337349397592,86.49657534246575,Category A,Store 1,North
2014-06-28,83,1847,1.19,6,2014,5,0,69.57142857142857,142.84337349397592,86.49657534246575,Category A,Store 1,North
2014-06-29,102,1745,1.19,6,2014,6,0,77.14285714285714,142.84337349397592,86.49657534246575,Category A,Store 1,North
2014-06-30,62,1779,1.29,6,2014,0,0,77.14285714285714,142.84337349397592,86.49657534246575,Category A,Store 1,North
2014-07-01,29,1750,1.29,7,2014,1,0,69.71428571428571,117.3625,86.49657534246575,Category A,Store 1,North
2014-07-02,63,1687,1.29,7,2014,2,0,72.71428571428571,117.3625,86.49657534246575,Category A,Store 1,North
2014-07-03,97,1590,1.29,7,2014,3,0,77.57142857142857,117.3625,86.49657534246575,Category A,Store 1,North
2014-07-04,136,1454,1.29,7,2014,4,0,81.71428571428571,117.3625,86.49657534246575,Category A,Store 1,North
2014-07-05,335,1119,1.29,7,2014,5,0,117.71428571428571,117.3625,86.49657534246575,Category A,Store 1,North
2014-07-06,299,820,1.29,7,2014,6,0,145.85714285714286,117.3625,86.49657534246575,Category A,Store 1,North
2014-07-07,5,814,1.29,7,2014,0,0,137.71428571428572,117.3625,86.49657534246575,Category A,Store 1,North
2014-07-08,2,812,1.29,7,2014,1,0,133.85714285714286,117.3625,86.49657534246575,Category A,Store 1,North
2014-07-09,9,803,1.29,7,2014,2,0,126.14285714285714,117.3625,86.49657534246575,Category A,Store 1,North
2014-07-10,9,794,1.29,7,2014,3,0,113.57142857142857,117.3625,86.49657534246575,Category A,Store 1,North
2014-07-22,2,792,1.49,7,2014,1,0,94.42857142857143,117.3625,86.49657534246575,Category A,Store 1,North
2014-07-25,15,873,1.49,7,2014,4,0,48.714285714285715,117.3625,86.49657534246575,Category A,Store 1,North
2014-07-26,9,864,1.49,7,2014,5,0,7.285714285714286,117.3625,86.49657534246575,Category A,Store 1,North
2014-07-27,13,851,1.49,7,2014,6,0,8.428571428571429,117.3625,86.49657534246575,Category A,Store 1,North
2014-07-28,15,1220,1.22,7,2014,0,0,10.285714285714286,117.3625,86.49657534246575,Category A,Store 1,North
2014-07-29,26,1207,2.98,7,2014,1,0,12.714285714285714,117.3625,86.49657534246575,Category A,Store 1,North
2014-07-30,16,1191,1.55,7,2014,2,0,13.714285714285714,117.3625,86.49657534246575,Category A,Store 1,North
2014-07-31,51,1140,1.55,7,2014,3,0,20.714285714285715,117.3625,86.49657534246575,Category A,Store 1,North
2014-08-01,47,1093,1.55,8,2014,4,0,25.285714285714285,71.26086956521739,86.49657534246575,Category A,Store 1,North
2014-08-02,56,1037,1.55,8,2014,5,0,32.0,71.26086956521739,86.49657534246575,Category A,Store 1,North
2014-08-03,45,992,1.55,8,2014,6,0,36.57142857142857,71.26086956521739,86.49657534246575,Category A,Store 1,North
2014-08-04,40,952,1.55,8,2014,0,0,40.142857142857146,71.26086956521739,86.49657534246575,Category A,Store 1,North
2014-08-05,17,935,1.55,8,2014,1,0,38.857142857142854,71.26086956521739,86.49657534246575,Category A,Store 1,North
2014-08-06,103,832,1.29,8,2014,2,0,51.285714285714285,71.26086956521739,86.49657534246575,Category A,Store 1,North
2014-08-07,72,760,1.29,8,2014,3,0,54.285714285714285,71.26086956521739,86.49657534246575,Category A,Store 1,North
2014-08-08,56,704,1.29,8,2014,4,0,55.57142857142857,71.26086956521739,86.49657534246575,Category A,Store 1,North
2014-08-10,1,703,1.29,8,2014,6,0,47.714285714285715,71.26086956521739,86.49657534246575,Category A,Store 1,North
2014-08-20,68,2075,1.55,8,2014,2,0,51.0,71.26086956521739,86.49657534246575,Category A,Store 1,North
2014-08-21,169,1908,1.19,8,2014,3,0,69.42857142857143,71.26086956521739,86.49657534246575,Category A,Store 1,North
2014-08-22,213,1695,1.19,8,2014,4,0,97.42857142857143,71.26086956521739,86.49657534246575,Category A,Store 1,North
2014-08-23,338,1356,1.19,8,2014,5,0,131.0,71.26086956521739,86.49657534246575,Category A,Store 1,North
2014-08-24,129,1227,1.19,8,2014,6,0,139.14285714285714,71.26086956521739,86.49657534246575,Category A,Store 1,North
2014-08-26,13,1271,1.19,8,2014,1,0,133.0,71.26086956521739,86.49657534246575,Category A,Store 1,North
2014-08-27,85,1186,1.19,8,2014,2,0,145.0,71.26086956521739,86.49657534246575,Category A,Store 1,North
2014-09-08,64,2082,1.29,9,2014,0,0,144.42857142857142,93.86792452830188,86.49657534246575,Category A,Store 1,North
2014-09-09,154,1928,1.29,9,2014,1,0,142.28571428571428,93.86792452830188,86.49657534246575,Category A,Store 1,North
2014-09-10,143,1785,1.29,9,2014,2,0,132.28571428571428,93.86792452830188,86.49657534246575,Category A,Store 1,North
2014-09-11,96,1689,1.29,9,2014,3,0,97.71428571428571,93.86792452830188,86.49657534246575,Category A,Store 1,North
2014-09-12,140,1549,1.29,9,2014,4,0,99.28571428571429,93.86792452830188,86.49657534246575,Category A,Store 1,North
2014-09-13,67,1484,1.29,9,2014,5,0,107.0,93.86792452830188,86.49657534246575,Category A,Store 1,North
2014-09-14,3,1481,1.29,9,2014,6,0,95.28571428571429,93.86792452830188,86.49657534246575,Category A,Store 1,North
2014-09-15,71,1410,1.29,9,2014,0,0,96.28571428571429,93.86792452830188,86.49657534246575,Category A,Store 1,North
2014-09-16,58,1352,1.29,9,2014,1,0,82.57142857142857,93.86792452830188,86.49657534246575,Category A,Store 1,North
2014-09-17,62,1962,1.29,9,2014,2,0,71.0,93.86792452830188,86.49657534246575,Category A,Store 1,North
2014-09-18,62,1996,1.29,9,2014,3,0,66.14285714285714,93.86792452830188,86.49657534246575,Category A,Store 1,North
2014-09-19,62,2126,1.29,9,2014,4,0,55.0,93.86792452830188,86.49657534246575,Category A,Store 1,North
2014-09-20,168,2532,1.29,9,2014,5,0,69.42857142857143,93.86792452830188,86.49657534246575,Category A,Store 1,North
2014-09-21,99,2433,1.29,9,2014,6,0,83.14285714285714,93.86792452830188,86.49657534246575,Category A,Store 1,North
2014-09-22,39,2394,1.29,9,2014,0,0,78.57142857142857,93.86792452830188,86.49657534246575,Category A,Store 1,North
2014-09-23,64,2285,1.29,9,2014,1,0,79.42857142857143,93.86792452830188,86.49657534246575,Category A,Store 1,North
2014-09-24,117,2168,1.29,9,2014,2,0,87.28571428571429,93.86792452830188,86.49657534246575,Category A,Store 1,North
2014-09-25,104,2064,1.29,9,2014,3,0,93.28571428571429,93.86792452830188,86.49657534246575,Category A,Store 1,North
2014-09-26,108,1956,1.29,9,2014,4,0,99.85714285714286,93.86792452830188,86.49657534246575,Category A,Store 1,North
2014-09-27,234,1014,1.29,9,2014,5,0,109.28571428571429,93.86792452830188,86.49657534246575,Category A,Store 1,North
2014-09-28,97,917,1.29,9,2014,6,0,109.0,93.86792452830188,86.49657534246575,Category A,Store 1,North
2014-09-29,85,832,1.29,9,2014,0,0,115.57142857142857,93.86792452830188,86.49657534246575,Category A,Store 1,North
2014-09-30,88,1896,1.29,9,2014,1,0,119.0,93.86792452830188,86.49657534246575,Category A,Store 1,North
2014-10-01,190,1801,1.29,10,2014,2,0,129.42857142857142,108.69354838709677,86.49657534246575,Category A,Store 1,North
2014-10-02,163,1637,1.29,10,2014,3,0,137.85714285714286,108.69354838709677,86.49657534246575,Category A,Store 1,North
2014-10-03,90,1835,1.29,10,2014,4,0,135.28571428571428,108.69354838709677,86.49657534246575,Category A,Store 1,North
2014-10-04,105,1730,1.29,10,2014,5,0,116.85714285714286,108.69354838709677,86.49657534246575,Category A,Store 1,North
2014-10-05,47,1683,1.29,10,2014,6,0,109.71428571428571,108.69354838709677,86.49657534246575,Category A,Store 1,North
2014-10-06,66,2097,1.29,10,2014,0,0,107.0,108.69354838709677,86.49657534246575,Category A,Store 1,North
2014-10-07,84,2109,1.29,10,2014,1,0,106.42857142857143,108.69354838709677,86.49657534246575,Category A,Store 1,North
2014-10-08,80,2028,1.29,10,2014,2,0,90.71428571428571,108.69354838709677,86.49657534246575,Category A,Store 1,North
2014-10-09,97,1934,1.29,10,2014,3,0,81.28571428571429,108.69354838709677,86.49657534246575,Category A,Store 1,North
2014-10-10,64,2254,1.29,10,2014,4,0,77.57142857142857,108.69354838709677,86.49657534246575,Category A,Store 1,North
2014-10-11,128,2126,1.29,10,2014,5,0,80.85714285714286,108.69354838709677,86.49657534246575,Category A,Store 1,North
2014-10-12,85,2041,1.29,10,2014,6,0,86.28571428571429,108.69354838709677,86.49657534246575,Category A,Store 1,North
2014-10-13,50,2087,1.29,10,2014,0,0,84.0,108.69354838709677,86.49657534246575,Category A,Store 1,North
2014-10-14,91,1996,1.29,10,2014,1,0,85.0,108.69354838709677,86.49657534246575,Category A,Store 1,North
2014-10-15,93,1903,1.29,10,2014,2,0,86.85714285714286,108.69354838709677,86.49657534246575,Category A,Store 1,North
2014-10-16,50,1852,1.29,10,2014,3,0,80.14285714285714,108.69354838709677,86.49657534246575,Category A,Store 1,North
2014-10-17,85,2246,1.29,10,2014,4,0,83.14285714285714,108.69354838709677,86.49657534246575,Category A,Store 1,North
2014-10-18,129,2117,1.29,10,2014,5,0,83.28571428571429,108.69354838709677,86.49657534246575,Category A,Store 1,North
2014-10-19,119,1998,1.29,10,2014,6,0,88.14285714285714,108.69354838709677,86.49657534246575,Category A,Store 1,North
2014-10-20,45,2049,1.29,10,2014,0,0,87.42857142857143,108.69354838709677,86.49657534246575,Category A,Store 1,North
2014-10-21,78,2067,1.29,10,2014,1,0,85.57142857142857,108.69354838709677,86.49657534246575,Category A,Store 1,North
2014-10-22,90,1977,1.29,10,2014,2,0,85.14285714285714,108.69354838709677,86.49657534246575,Category A,Store 1,North
2014-10-23,78,1899,1.29,10,2014,3,0,89.14285714285714,108.69354838709677,86.49657534246575,Category A,Store 1,North
2014-10-24,62,1837,1.29,10,2014,4,0,85.85714285714286,108.69354838709677,86.49657534246575,Category A,Store 1,North
2014-10-25,97,1740,1.29,10,2014,5,0,81.28571428571429,108.69354838709677,86.49657534246575,Category A,Store 1,North
2014-10-26,111,1629,1.29,10,2014,6,0,80.14285714285714,108.69354838709677,86.49657534246575,Category A,Store 1,North
2014-10-27,55,1574,1.29,10,2014,0,0,81.57142857142857,108.69354838709677,86.49657534246575,Category A,Store 1,North
2014-10-28,60,1510,1.29,10,2014,1,0,79.0,108.69354838709677,86.49657534246575,Category A,Store 1,North
2014-10-29,61,1449,1.29,10,2014,2,0,74.85714285714286,108.69354838709677,86.49657534246575,Category A,Store 1,North
2014-10-30,81,1368,1.49,10,2014,3,0,75.28571428571429,108.69354838709677,86.49657534246575,Category A,Store 1,North
2014-10-31,131,1237,1.49,10,2014,4,0,85.14285714285714,108.69354838709677,86.49657534246575,Category A,Store 1,North
2014-11-01,160,1077,1.49,11,2014,5,0,94.14285714285714,95.42857142857143,86.49657534246575,Category A,Store 1,North
2014-11-02,131,946,1.49,11,2014,6,0,97.0,95.42857142857143,86.49657534246575,Category A,Store 1,North
2014-11-03,43,903,1.49,11,2014,0,0,95.28571428571429,95.42857142857143,86.49657534246575,Category A,Store 1,North
2014-11-04,34,869,1.49,11,2014,1,0,91.57142857142857,95.42857142857143,86.49657534246575,Category A,Store 1,North
2014-11-05,33,836,1.49,11,2014,2,0,87.57142857142857,95.42857142857143,86.49657534246575,Category A,Store 1,North
2014-11-06,37,799,1.49,11,2014,3,0,81.28571428571429,95.42857142857143,86.49657534246575,Category A,Store 1,North
2014-11-07,82,717,1.49,11,2014,4,0,74.28571428571429,95.42857142857143,86.49657534246575,Category A,Store 1,North
2014-11-08,542,175,1.49,11,2014,5,0,128.85714285714286,95.42857142857143,86.49657534246575,Category A,Store 1,North
2014-11-09,239,0,1.49,11,2014,6,0,144.28571428571428,95.42857142857143,86.49657534246575,Category A,Store 1,North
2014-11-10,51,0,1.49,11,2014,0,0,145.42857142857142,95.42857142857143,86.49657534246575,Category A,Store 1,North
2014-11-11,51,80,1.49,11,2014,1,0,147.85714285714286,95.42857142857143,86.49657534246575,Category A,Store 1,North
2014-11-12,41,34,1.49,11,2014,2,0,149.0,95.42857142857143,86.49657534246575,Category A,Store 1,North
2014-11-13,1,33,1.49,11,2014,3,0,143.85714285714286,95.42857142857143,86.49657534246575,Category A,Store 1,North
2014-11-15,1,32,1.49,11,2014,5,0,132.28571428571428,95.42857142857143,86.49657534246575,Category A,Store 1,North
2014-11-18,7,25,1.49,11,2014,1,0,55.857142857142854,95.42857142857143,86.49657534246575,Category A,Store 1,North
2014-11-19,1,24,1.49,11,2014,2,0,21.857142857142858,95.42857142857143,86.49657534246575,Category A,Store 1,North
2014-11-20,4,20,1.29,11,2014,3,0,15.142857142857142,95.42857142857143,86.49657534246575,Category A,Store 1,North
2014-11-21,1,19,1.29,11,2014,4,0,8.0,95.42857142857143,86.49657534246575,Category A,Store 1,North
2014-11-22,1,18,1.29,11,2014,5,0,2.2857142857142856,95.42857142857143,86.49657534246575,Category A,Store 1,North
2014-11-23,2,16,1.29,11,2014,6,0,2.4285714285714284,95.42857142857143,86.49657534246575,Category A,Store 1,North
2014-12-16,49,735,1.49,12,2014,1,1,9.285714285714286,117.23809523809524,86.49657534246575,Category A,Store 1,North
2014-12-17,157,578,1.29,12,2014,2,1,30.714285714285715,117.23809523809524,86.49657534246575,Category A,Store 1,North
2014-12-18,193,385,1.29,12,2014,3,1,58.142857142857146,117.23809523809524,86.49657534246575,Category A,Store 1,North
2014-12-19,94,291,1.29,12,2014,4,1,71.0,117.23809523809524,86.49657534246575,Category A,Store 1,North
2014-12-20,135,156,1.29,12,2014,5,1,90.14285714285714,117.23809523809524,86.49657534246575,Category A,Store 1,North
2014-12-21,118,38,1.29,12,2014,6,1,106.85714285714286,117.23809523809524,86.49657534246575,Category A,Store 1,North
2014-12-22,18,116,1.29,12,2014,0,1,109.14285714285714,117.23809523809524,86.49657534246575,Category A,Store 1,North
2014-12-24,14,102,1.29,12,2014,2,1,104.14285714285714,117.23809523809524,86.49657534246575,Category A,Store 1,North
2014-12-26,20,82,1.29,12,2014,4,1,84.57142857142857,117.23809523809524,86.49657534246575,Category A,Store 1,North
2014-12-27,42,328,1.29,12,2014,5,1,63.0,117.23809523809524,86.49657534246575,Category A,Store 1,North
2014-12-28,45,283,1.29,12,2014,6,1,56.0,117.23809523809524,86.49657534246575,Category A,Store 1,North
2014-12-29,55,612,1.29,12,2014,0,1,44.57142857142857,117.23809523809524,86.49657534246575,Category A,Store 1,North
2014-12-30,59,553,1.29,12,2014,1,1,36.142857142857146,117.23809523809524,86.49657534246575,Category A,Store 1,North
2014-12-31,11,542,1.29,12,2014,2,1,35.142857142857146,117.23809523809524,86.49657534246575,Category A,Store 1,North
2015-01-02,77,561,1.29,1,2015,4,0,44.142857142857146,107.5,97.09036144578313,Category A,Store 1,North
2015-01-03,60,2229,1.29,1,2015,5,0,49.857142857142854,107.5,97.09036144578313,Category A,Store 1,North
2015-01-04,1,2228,1.29,1,2015,6,0,44.0,107.5,97.09036144578313,Category A,Store 1,North
2015-01-05,69,2351,1.29,1,2015,0,0,47.42857142857143,107.5,97.09036144578313,Category A,Store 1,North
2015-01-06,98,2253,1.29,1,2015,1,0,53.57142857142857,107.5,97.09036144578313,Category A,Store 1,North
2015-01-07,119,2134,1.29,1,2015,2,0,62.142857142857146,107.5,97.09036144578313,Category A,Store 1,North
2015-01-08,93,2137,1.29,1,2015,3,0,73.85714285714286,107.5,97.09036144578313,Category A,Store 1,North
2015-01-09,92,2045,1.29,1,2015,4,0,76.0,107.5,97.09036144578313,Category A,Store 1,North
2015-01-10,112,1933,1.29,1,2015,5,0,83.42857142857143,107.5,97.09036144578313,Category A,Store 1,North
2015-01-11,96,1837,1.29,1,2015,6,0,97.0,107.5,97.09036144578313,Category A,Store 1,North
2015-01-12,93,1744,1.29,1,2015,0,0,100.42857142857143,107.5,97.09036144578313,Category A,Store 1,North
2015-01-13,65,1679,1.29,1,2015,1,0,95.71428571428571,107.5,97.09036144578313,Category A,Store 1,North
2015-01-14,100,1581,1.29,1,2015,2,0,93.0,107.5,97.09036144578313,Category A,Store 1,North
2015-01-15,51,1530,1.49,1,2015,3,0,87.0,107.5,97.09036144578313,Category A,Store 1,North
2015-01-16,55,1475,1.49,1,2015,4,0,81.71428571428571,107.5,97.09036144578313,Category A,Store 1,North
2015-01-17,71,1403,1.49,1,2015,5,0,75.85714285714286,107.5,97.09036144578313,Category A,Store 1,North
2015-01-18,57,1346,1.49,1,2015,6,0,70.28571428571429,107.5,97.09036144578313,Category A,Store 1,North
2015-01-19,34,1312,1.49,1,2015,0,0,61.857142857142854,107.5,97.09036144578313,Category A,Store 1,North
2015-01-20,47,1265,1.49,1,2015,1,0,59.285714285714285,107.5,97.09036144578313,Category A,Store 1,North
2015-01-21,88,1177,1.29,1,2015,2,0,57.57142857142857,107.5,97.09036144578313,Category A,Store 1,North
2015-01-22,51,1126,1.29,1,2015,3,0,57.57142857142857,107.5,97.09036144578313,Category A,Store 1,North
2015-01-23,49,1076,1.29,1,2015,4,0,56.714285714285715,107.5,97.09036144578313,Category A,Store 1,North
2015-01-24,110,966,1.29,1,2015,5,0,62.285714285714285,107.5,97.09036144578313,Category A,Store 1,North
2015-01-25,30,936,1.29,1,2015,6,0,58.42857142857143,107.5,97.09036144578313,Category A,Store 1,North
2015-01-26,59,877,1.29,1,2015,0,0,62.0,107.5,97.09036144578313,Category A,Store 1,North
2015-01-27,97,780,1.29,1,2015,1,0,69.14285714285714,107.5,97.09036144578313,Category A,Store 1,North
2015-01-28,155,625,1.29,1,2015,2,0,78.71428571428571,107.5,97.09036144578313,Category A,Store 1,North
2015-01-29,125,500,1.29,1,2015,3,0,89.28571428571429,107.5,97.09036144578313,Category A,Store 1,North
2015-01-30,100,496,1.29,1,2015,4,0,96.57142857142857,107.5,97.09036144578313,Category A,Store 1,North
2015-01-31,211,285,1.29,1,2015,5,0,111.0,107.5,97.09036144578313,Category A,Store 1,North
2015-02-01,88,197,1.29,2,2015,6,0,119.28571428571429,81.5421686746988,97.09036144578313,Category A,Store 1,North
2015-02-02,114,467,1.29,2,2015,0,0,127.14285714285714,81.5421686746988,97.09036144578313,Category A,Store 1,North
2015-02-03,89,570,1.29,2,2015,1,0,126.0,81.5421686746988,97.09036144578313,Category A,Store 1,North
2015-02-04,118,548,1.29,2,2015,2,0,120.71428571428571,81.5421686746988,97.09036144578313,Category A,Store 1,North
2015-02-05,84,1136,1.29,2,2015,3,0,114.85714285714286,81.5421686746988,97.09036144578313,Category A,Store 1,North
2015-02-06,125,1299,1.29,2,2015,4,0,118.42857142857143,81.5421686746988,97.09036144578313,Category A,Store 1,North
2015-02-07,184,1211,1.04,2,2015,5,0,114.57142857142857,81.5421686746988,97.09036144578313,Category A,Store 1,North
2015-02-08,107,1104,1.29,2,2015,6,0,117.28571428571429,81.5421686746988,97.09036144578313,Category A,Store 1,North
2015-02-09,70,1033,1.29,2,2015,0,0,111.0,81.5421686746988,97.09036144578313,Category A,Store 1,North
2015-02-10,66,1063,1.29,2,2015,1,0,107.71428571428571,81.5421686746988,97.09036144578313,Category A,Store 1,North
2015-02-11,89,974,1.29,2,2015,2,0,103.57142857142857,81.5421686746988,97.09036144578313,Category A,Store 1,North
2015-02-12,50,1116,2.84,2,2015,3,0,98.71428571428571,81.5421686746988,97.09036144578313,Category A,Store 1,North
2015-02-13,20,1096,2.89,2,2015,4,0,83.71428571428571,81.5421686746988,97.09036144578313,Category A,Store 1,North
2015-02-14,77,1019,2.89,2,2015,5,0,68.42857142857143,81.5421686746988,97.09036144578313,Category A,Store 1,North
2015-02-15,33,986,2.89,2,2015,6,0,57.857142857142854,81.5421686746988,97.09036144578313,Category A,Store 1,North
2015-02-16,47,1035,2.89,2,2015,0,0,54.57142857142857,81.5421686746988,97.09036144578313,Category A,Store 1,North
2015-02-17,35,1000,2.89,2,2015,1,0,50.142857142857146,81.5421686746988,97.09036144578313,Category A,Store 1,North
2015-02-18,60,1228,2.89,2,2015,2,0,46.0,81.5421686746988,97.09036144578313,Category A,Store 1,North
2015-02-19,31,1197,2.89,2,2015,3,0,43.285714285714285,81.5421686746988,97.09036144578313,Category A,Store 1,North
2015-02-20,35,1162,2.89,2,2015,4,0,45.42857142857143,81.5421686746988,97.09036144578313,Category A,Store 1,North
2015-02-21,80,1082,2.87,2,2015,5,0,45.857142857142854,81.5421686746988,97.09036144578313,Category A,Store 1,North
2015-02-22,42,1039,2.89,2,2015,6,0,47.142857142857146,81.5421686746988,97.09036144578313,Category A,Store 1,North
2015-02-23,23,1016,2.89,2,2015,0,0,43.714285714285715,81.5421686746988,97.09036144578313,Category A,Store 1,North
2015-02-24,19,997,2.89,2,2015,1,0,41.42857142857143,81.5421686746988,97.09036144578313,Category A,Store 1,North
2015-02-25,18,1075,2.89,2,2015,2,0,35.42857142857143,81.5421686746988,97.09036144578313,Category A,Store 1,North
2015-02-26,37,1134,2.89,2,2015,3,0,36.285714285714285,81.5421686746988,97.09036144578313,Category A,Store 1,North
2015-02-27,50,1084,2.89,2,2015,4,0,38.42857142857143,81.5421686746988,97.09036144578313,Category A,Store 1,North
2015-02-28,127,957,2.89,2,2015,5,0,45.142857142857146,81.5421686746988,97.09036144578313,Category A,Store 1,North
2015-03-01,123,834,2.89,3,2015,6,0,56.714285714285715,86.76404494382022,97.09036144578313,Category A,Store 1,North
2015-03-02,44,789,2.89,3,2015,0,0,59.714285714285715,86.76404494382022,97.09036144578313,Category A,Store 1,North
2015-03-03,22,767,2.89,3,2015,1,0,60.142857142857146,86.76404494382022,97.09036144578313,Category A,Store 1,North
2015-03-04,31,736,2.89,3,2015,2,0,62.0,86.76404494382022,97.09036144578313,Category A,Store 1,North
2015-03-05,22,714,2.89,3,2015,3,0,59.857142857142854,86.76404494382022,97.09036144578313,Category A,Store 1,North
2015-03-06,40,674,2.89,3,2015,4,0,58.42857142857143,86.76404494382022,97.09036144578313,Category A,Store 1,North
2015-03-07,62,612,2.89,3,2015,5,0,49.142857142857146,86.76404494382022,97.09036144578313,Category A,Store 1,North
2015-03-08,59,553,2.89,3,2015,6,0,40.0,86.76404494382022,97.09036144578313,Category A,Store 1,North
2015-03-09,28,525,2.89,3,2015,0,0,37.714285714285715,86.76404494382022,97.09036144578313,Category A,Store 1,North
2015-03-10,68,458,1.49,3,2015,1,0,44.285714285714285,86.76404494382022,97.09036144578313,Category A,Store 1,North
2015-03-11,73,385,1.49,3,2015,2,0,50.285714285714285,86.76404494382022,97.09036144578313,Category A,Store 1,North
2015-03-12,87,298,1.49,3,2015,3,0,59.57142857142857,86.76404494382022,97.09036144578313,Category A,Store 1,North
2015-03-13,175,1878,1.29,3,2015,4,0,78.85714285714286,86.76404494382022,97.09036144578313,Category A,Store 1,North
2015-03-14,300,1575,1.29,3,2015,5,0,112.85714285714286,86.76404494382022,97.09036144578313,Category A,Store 1,North
2015-03-15,196,1379,1.29,3,2015,6,0,132.42857142857142,86.76404494382022,97.09036144578313,Category A,Store 1,North
2015-03-16,123,1256,1.29,3,2015,0,0,146.0,86.76404494382022,97.09036144578313,Category A,Store 1,North
2015-03-17,168,1088,1.29,3,2015,1,0,160.28571428571428,86.76404494382022,97.09036144578313,Category A,Store 1,North
2015-03-18,209,1263,1.29,3,2015,2,0,179.71428571428572,86.76404494382022,97.09036144578313,Category A,Store 1,North
2015-03-19,188,1075,1.29,3,2015,3,0,194.14285714285714,86.76404494382022,97.09036144578313,Category A,Store 1,North
2015-03-20,219,856,1.29,3,2015,4,0,200.42857142857142,86.76404494382022,97.09036144578313,Category A,Store 1,North
2015-03-21,381,475,1.29,3,2015,5,0,212.0,86.76404494382022,97.09036144578313,Category A,Store 1,North
2015-03-22,158,317,1.29,3,2015,6,0,206.57142857142858,86.76404494382022,97.09036144578313,Category A,Store 1,North
2015-03-23,12,304,1.49,3,2015,0,0,190.71428571428572,86.76404494382022,97.09036144578313,Category A,Store 1,North
2015-03-24,8,296,1.29,3,2015,1,0,167.85714285714286,86.76404494382022,97.09036144578313,Category A,Store 1,North
2015-03-25,10,286,1.29,3,2015,2,0,139.42857142857142,86.76404494382022,97.09036144578313,Category A,Store 1,North
2015-03-26,88,774,1.29,3,2015,3,0,125.14285714285714,86.76404494382022,97.09036144578313,Category A,Store 1,North
2015-03-27,196,770,1.29,3,2015,4,0,121.85714285714286,86.76404494382022,97.09036144578313,Category A,Store 1,North
2015-03-28,206,660,1.29,3,2015,5,0,96.85714285714286,86.76404494382022,97.09036144578313,Category A,Store 1,North
2015-03-29,83,577,1.29,3,2015,6,0,86.14285714285714,86.76404494382022,97.09036144578313,Category A,Store 1,North
2015-04-01,27,646,1.49,4,2015,2,0,88.28571428571429,91.47191011235955,97.09036144578313,Category A,Store 1,North
2015-04-02,27,1002,1.49,4,2015,3,0,91.0,91.47191011235955,97.09036144578313,Category A,Store 1,North
2015-04-03,54,1044,1.49,4,2015,4,0,97.28571428571429,91.47191011235955,97.09036144578313,Category A,Store 1,North
2015-04-04,136,908,1.49,4,2015,5,0,104.14285714285714,91.47191011235955,97.09036144578313,Category A,Store 1,North
2015-04-05,55,853,1.49,4,2015,6,0,84.0,91.47191011235955,97.09036144578313,Category A,Store 1,North
2015-04-06,22,831,1.49,4,2015,0,0,57.714285714285715,91.47191011235955,97.09036144578313,Category A,Store 1,North
2015-04-07,30,801,1.49,4,2015,1,0,50.142857142857146,91.47191011235955,97.09036144578313,Category A,Store 1,North
2015-04-08,30,771,1.49,4,2015,2,0,50.57142857142857,91.47191011235955,97.09036144578313,Category A,Store 1,North
2015-04-09,30,930,1.49,4,2015,3,0,51.0,91.47191011235955,97.09036144578313,Category A,Store 1,North
2015-04-10,44,1078,1.49,4,2015,4,0,49.57142857142857,91.47191011235955,97.09036144578313,Category A,Store 1,North
2015-04-11,39,1423,1.49,4,2015,5,0,35.714285714285715,91.47191011235955,97.09036144578313,Category A,Store 1,North
2015-04-12,57,1366,1.49,4,2015,6,0,36.0,91.47191011235955,97.09036144578313,Category A,Store 1,North
2015-04-13,30,1336,1.49,4,2015,0,0,37.142857142857146,91.47191011235955,97.09036144578313,Category A,Store 1,North
2015-04-14,47,1385,1.49,4,2015,1,0,39.57142857142857,91.47191011235955,97.09036144578313,Category A,Store 1,North
2015-04-15,74,1311,1.49,4,2015,2,0,45.857142857142854,91.47191011235955,97.09036144578313,Category A,Store 1,North
2015-04-16,114,1196,1.39,4,2015,3,0,57.857142857142854,91.47191011235955,97.09036144578313,Category A,Store 1,North
2015-04-17,40,1156,1.39,4,2015,4,0,57.285714285714285,91.47191011235955,97.09036144578313,Category A,Store 1,North
2015-04-18,62,1094,1.39,4,2015,5,0,60.57142857142857,91.47191011235955,97.09036144578313,Category A,Store 1,North
2015-04-19,62,1032,1.39,4,2015,6,0,61.285714285714285,91.47191011235955,97.09036144578313,Category A,Store 1,North
2015-04-20,135,897,1.39,4,2015,0,0,76.28571428571429,91.47191011235955,97.09036144578313,Category A,Store 1,North
2015-04-21,175,722,1.39,4,2015,1,0,94.57142857142857,91.47191011235955,97.09036144578313,Category A,Store 1,North
2015-04-22,82,736,1.39,4,2015,2,0,95.71428571428571,91.47191011235955,97.09036144578313,Category A,Store 1,North
2015-04-23,62,674,1.4,4,2015,3,0,88.28571428571429,91.47191011235955,97.09036144578313,Category A,Store 1,North
2015-04-24,88,586,1.4,4,2015,4,0,95.14285714285714,91.47191011235955,97.09036144578313,Category A,Store 1,North
2015-04-25,152,434,1.4,4,2015,5,0,108.0,91.47191011235955,97.09036144578313,Category A,Store 1,North
2015-04-26,64,370,1.4,4,2015,6,0,108.28571428571429,91.47191011235955,97.09036144578313,Category A,Store 1,North
2015-04-27,67,591,1.4,4,2015,0,0,98.57142857142857,91.47191011235955,97.09036144578313,Category A,Store 1,North
2015-04-28,73,806,1.39,4,2015,1,0,84.0,91.47191011235955,97.09036144578313,Category A,Store 1,North
2015-04-29,130,676,1.39,4,2015,2,0,90.85714285714286,91.47191011235955,97.09036144578313,Category A,Store 1,North
2015-04-30,115,657,1.39,4,2015,3,0,98.42857142857143,91.47191011235955,97.09036144578313,Category A,Store 1,North
2015-05-01,260,397,1.39,5,2015,4,0,123.0,112.64179104477611,97.09036144578313,Category A,Store 1,North
2015-05-02,228,169,1.39,5,2015,5,0,133.85714285714286,112.64179104477611,97.09036144578313,Category A,Store 1,North
2015-05-03,120,49,1.39,5,2015,6,0,141.85714285714286,112.64179104477611,97.09036144578313,Category A,Store 1,North
2015-05-04,31,18,1.39,5,2015,0,0,136.71428571428572,112.64179104477611,97.09036144578313,Category A,Store 1,North
2015-05-06,3,15,1.39,5,2015,2,0,126.71428571428571,112.64179104477611,97.09036144578313,Category A,Store 1,North
2015-05-11,1,14,1.49,5,2015,0,0,108.28571428571429,112.64179104477611,97.09036144578313,Category A,Store 1,North
2015-05-13,1,13,1.49,5,2015,2,0,92.0,112.64179104477611,97.09036144578313,Category A,Store 1,North
2015-05-14,1,12,1.49,5,2015,3,0,55.0,112.64179104477611,97.09036144578313,Category A,Store 1,North
2015-05-15,1,10,1.49,5,2015,4,0,22.571428571428573,112.64179104477611,97.09036144578313,Category A,Store 1,North
2015-05-19,1,9,1.49,5,2015,1,0,5.571428571428571,112.64179104477611,97.09036144578313,Category A,Store 1,North
2015-06-05,168,1377,1.39,6,2015,4,0,25.142857142857142,142.84337349397592,97.09036144578313,Category A,Store 1,North
2015-06-06,201,1176,1.2,6,2015,5,0,53.42857142857143,142.84337349397592,97.09036144578313,Category A,Store 1,North
2015-06-07,147,1029,1.19,6,2015,6,0,74.28571428571429,142.84337349397592,97.09036144578313,Category A,Store 1,North
2015-06-08,119,910,1.19,6,2015,0,0,91.14285714285714,142.84337349397592,97.09036144578313,Category A,Store 1,North
2015-06-09,122,788,1.19,6,2015,1,0,108.42857142857143,142.84337349397592,97.09036144578313,Category A,Store 1,North
2015-06-10,149,639,1.19,6,2015,2,0,129.57142857142858,142.84337349397592,97.09036144578313,Category A,Store 1,North
2015-06-11,111,720,1.19,6,2015,3,0,145.28571428571428,142.84337349397592,97.09036144578313,Category A,Store 1,North
2015-06-12,95,721,1.19,6,2015,4,0,134.85714285714286,142.84337349397592,97.09036144578313,Category A,Store 1,North
2015-06-13,237,675,1.19,6,2015,5,0,140.0,142.84337349397592,97.09036144578313,Category A,Store 1,North
2015-06-14,110,565,1.19,6,2015,6,0,134.71428571428572,142.84337349397592,97.09036144578313,Category A,Store 1,North
2015-06-15,104,653,1.19,6,2015,0,0,132.57142857142858,142.84337349397592,97.09036144578313,Category A,Store 1,North
2015-06-16,61,592,1.19,6,2015,1,0,123.85714285714286,142.84337349397592,97.09036144578313,Category A,Store 1,North
2015-06-17,40,1127,1.29,6,2015,2,0,108.28571428571429,142.84337349397592,97.09036144578313,Category A,Store 1,North
2015-06-18,114,1301,1.29,6,2015,3,0,108.71428571428571,142.84337349397592,97.09036144578313,Category A,Store 1,North
2015-06-19,129,1172,1.29,6,2015,4,0,113.57142857142857,142.84337349397592,97.09036144578313,Category A,Store 1,North
2015-06-20,111,1061,1.29,6,2015,5,0,95.57142857142857,142.84337349397592,97.09036144578313,Category A,Store 1,North
2015-06-21,146,915,1.29,6,2015,6,0,100.71428571428571,142.84337349397592,97.09036144578313,Category A,Store 1,North
2015-06-22,57,858,1.49,6,2015,0,0,94.0,142.84337349397592,97.09036144578313,Category A,Store 1,North
2015-06-23,19,839,1.49,6,2015,1,0,88.0,142.84337349397592,97.09036144578313,Category A,Store 1,North
2015-06-24,27,1291,1.49,6,2015,2,0,86.14285714285714,142.84337349397592,97.09036144578313,Category A,Store 1,North
2015-06-25,62,1229,1.49,6,2015,3,0,78.71428571428571,142.84337349397592,97.09036144578313,Category A,Store 1,North
2015-06-26,95,1902,1.49,6,2015,4,0,73.85714285714286,142.84337349397592,97.09036144578313,Category A,Store 1,North
2015-06-27,183,1719,1.39,6,2015,5,0,84.14285714285714,142.84337349397592,97.09036144578313,Category A,Store 1,North
2015-06-28,94,1624,1.39,6,2015,6,0,76.71428571428571,142.84337349397592,97.09036144578313,Category A,Store 1,North
2015-06-29,116,1606,1.39,6,2015,0,0,85.14285714285714,142.84337349397592,97.09036144578313,Category A,Store 1,North
2015-06-30,63,1543,1.39,6,2015,1,0,91.42857142857143,142.84337349397592,97.09036144578313,Category A,Store 1,North
2015-07-01,147,1396,1.39,7,2015,2,0,108.57142857142857,117.3625,97.09036144578313,Category A,Store 1,North
2015-07-02,101,1295,1.39,7,2015,3,0,114.14285714285714,117.3625,97.09036144578313,Category A,Store 1,North
2015-07-03,248,1047,1.29,7,2015,4,0,136.0,117.3625,97.09036144578313,Category A,Store 1,North
2015-07-04,142,905,1.29,7,2015,5,0,130.14285714285714,117.3625,97.09036144578313,Category A,Store 1,North
2015-07-05,186,719,1.29,7,2015,6,0,143.28571428571428,117.3625,97.09036144578313,Category A,Store 1,North
2015-07-06,109,898,1.29,7,2015,0,0,142.28571428571428,117.3625,97.09036144578313,Category A,Store 1,North
2015-07-07,228,957,1.29,7,2015,1,0,165.85714285714286,117.3625,97.09036144578313,Category A,Store 1,North
2015-07-08,66,1083,1.29,7,2015,2,0,154.28571428571428,117.3625,97.09036144578313,Category A,Store 1,North
2015-07-09,182,901,1.29,7,2015,3,0,165.85714285714286,117.3625,97.09036144578313,Category A,Store 1,North
2015-07-10,1,996,1.29,7,2015,4,0,130.57142857142858,117.3625,97.09036144578313,Category A,Store 1,North
2015-07-11,64,1124,1.29,7,2015,5,0,119.42857142857143,117.3625,97.09036144578313,Category A,Store 1,North
2015-07-12,118,1006,1.29,7,2015,6,0,109.71428571428571,117.3625,97.09036144578313,Category A,Store 1,North
2015-07-13,55,950,1.29,7,2015,0,0,102.0,117.3625,97.09036144578313,Category A,Store 1,North
2015-07-14,43,907,1.27,7,2015,1,0,75.57142857142857,117.3625,97.09036144578313,Category A,Store 1,North
2015-07-15,95,812,1.28,7,2015,2,0,79.71428571428571,117.3625,97.09036144578313,Category A,Store 1,North
2015-07-16,54,758,1.28,7,2015,3,0,61.42857142857143,117.3625,97.09036144578313,Category A,Store 1,North
2015-07-17,85,673,1.28,7,2015,4,0,73.42857142857143,117.3625,97.09036144578313,Category A,Store 1,North
2015-07-18,92,869,1.27,7,2015,5,0,77.42857142857143,117.3625,97.09036144578313,Category A,Store 1,North
2015-07-19,61,808,1.28,7,2015,6,0,69.28571428571429,117.3625,97.09036144578313,Category A,Store 1,North
2015-07-20,111,697,1.27,7,2015,0,0,77.28571428571429,117.3625,97.09036144578313,Category A,Store 1,North
2015-07-21,7,1170,1.28,7,2015,1,0,72.14285714285714,117.3625,97.09036144578313,Category A,Store 1,North
2015-07-22,4,1262,1.28,7,2015,2,0,59.142857142857146,117.3625,97.09036144578313,Category A,Store 1,North
2015-07-23,66,1292,1.27,7,2015,3,0,60.857142857142854,117.3625,97.09036144578313,Category A,Store 1,North
2015-07-24,95,1197,1.28,7,2015,4,0,62.285714285714285,117.3625,97.09036144578313,Category A,Store 1,North
2015-07-25,190,1103,1.27,7,2015,5,0,76.28571428571429,117.3625,97.09036144578313,Category A,Store 1,North
2015-07-26,60,1043,1.28,7,2015,6,0,76.14285714285714,117.3625,97.09036144578313,Category A,Store 1,North
2015-07-27,42,1097,1.27,7,2015,0,0,66.28571428571429,117.3625,97.09036144578313,Category A,Store 1,North
2015-07-28,79,1306,1.27,7,2015,1,0,76.57142857142857,117.3625,97.09036144578313,Category A,Store 1,North
2015-07-29,109,1581,1.27,7,2015,2,0,91.57142857142857,117.3625,97.09036144578313,Category A,Store 1,North
2015-07-30,165,1416,1.28,7,2015,3,0,105.71428571428571,117.3625,97.09036144578313,Category A,Store 1,North
2015-07-31,99,1317,1.27,7,2015,4,0,106.28571428571429,117.3625,97.09036144578313,Category A,Store 1,North
2015-08-01,233,1084,1.48,8,2015,5,0,112.42857142857143,71.26086956521739,97.09036144578313,Category A,Store 1,North
2015-08-02,16,1067,1.48,8,2015,6,0,106.14285714285714,71.26086956521739,97.09036144578313,Category A,Store 1,North
2015-08-03,2,1065,1.46,8,2015,0,0,100.42857142857143,71.26086956521739,97.09036144578313,Category A,Store 1,North
2015-08-04,5,1060,1.47,8,2015,1,0,89.85714285714286,71.26086956521739,97.09036144578313,Category A,Store 1,North
2015-08-05,22,1038,1.48,8,2015,2,0,77.42857142857143,71.26086956521739,97.09036144578313,Category A,Store 1,North
2015-08-06,8,1030,1.49,8,2015,3,0,55.0,71.26086956521739,97.09036144578313,Category A,Store 1,North
2015-08-07,65,321,1.48,8,2015,4,0,50.142857142857146,71.26086956521739,97.09036144578313,Category A,Store 1,North
2015-08-08,157,451,1.48,8,2015,5,0,39.285714285714285,71.26086956521739,97.09036144578313,Category A,Store 1,North
2015-08-09,65,386,1.48,8,2015,6,0,46.285714285714285,71.26086956521739,97.09036144578313,Category A,Store 1,North
2015-08-10,90,296,1.48,8,2015,0,0,58.857142857142854,71.26086956521739,97.09036144578313,Category A,Store 1,North
2015-08-11,3,1157,1.18,8,2015,1,0,58.57142857142857,71.26086956521739,97.09036144578313,Category A,Store 1,North
2015-08-12,5,1152,1.18,8,2015,2,0,56.142857142857146,71.26086956521739,97.09036144578313,Category A,Store 1,North
2015-08-13,1,2015,1.19,8,2015,3,0,55.142857142857146,71.26086956521739,97.09036144578313,Category A,Store 1,North
2015-08-14,65,2046,1.18,8,2015,4,0,55.142857142857146,71.26086956521739,97.09036144578313,Category A,Store 1,North
2015-08-15,235,1811,1.17,8,2015,5,0,66.28571428571429,71.26086956521739,97.09036144578313,Category A,Store 1,North
2015-08-16,76,1735,1.18,8,2015,6,0,67.85714285714286,71.26086956521739,97.09036144578313,Category A,Store 1,North
2015-08-17,2,1733,1.19,8,2015,0,0,55.285714285714285,71.26086956521739,97.09036144578313,Category A,Store 1,North
2015-08-18,101,1632,1.18,8,2015,1,0,69.28571428571429,71.26086956521739,97.09036144578313,Category A,Store 1,North
2015-08-19,162,1470,1.17,8,2015,2,0,91.71428571428571,71.26086956521739,97.09036144578313,Category A,Store 1,North
2015-08-20,25,1446,1.17,8,2015,3,0,95.14285714285714,71.26086956521739,97.09036144578313,Category A,Store 1,North
2015-08-21,4,1442,1.16,8,2015,4,0,86.42857142857143,71.26086956521739,97.09036144578313,Category A,Store 1,North
2015-08-22,1,1441,1.19,8,2015,5,0,53.0,71.26086956521739,97.09036144578313,Category A,Store 1,North
2015-08-23,75,1366,1.17,8,2015,6,0,52.857142857142854,71.26086956521739,97.09036144578313,Category A,Store 1,North
2015-08-24,32,1334,1.18,8,2015,0,0,57.142857142857146,71.26086956521739,97.09036144578313,Category A,Store 1,North
2015-08-25,76,1258,1.18,8,2015,1,0,53.57142857142857,71.26086956521739,97.09036144578313,Category A,Store 1,North
2015-08-26,6,1252,1.17,8,2015,2,0,31.285714285714285,71.26086956521739,97.09036144578313,Category A,Store 1,North
2015-08-27,65,1285,1.18,8,2015,3,0,37.0,71.26086956521739,97.09036144578313,Category A,Store 1,North
2015-08-28,145,1140,1.17,8,2015,4,0,57.142857142857146,71.26086956521739,97.09036144578313,Category A,Store 1,North
2015-08-29,78,1062,1.17,8,2015,5,0,68.14285714285714,71.26086956521739,97.09036144578313,Category A,Store 1,North
2015-08-30,6,1055,1.18,8,2015,6,0,58.285714285714285,71.26086956521739,97.09036144578313,Category A,Store 1,North
2015-09-01,126,1217,1.18,9,2015,1,0,71.71428571428571,93.86792452830188,97.09036144578313,Category A,Store 1,North
2015-09-02,240,1073,1.17,9,2015,2,0,95.14285714285714,93.86792452830188,97.09036144578313,Category A,Store 1,North
2015-09-03,67,1006,1.68,9,2015,3,0,103.85714285714286,93.86792452830188,97.09036144578313,Category A,Store 1,North
2015-09-04,140,863,1.68,9,2015,4,0,114.57142857142857,93.86792452830188,97.09036144578313,Category A,Store 1,North
2015-09-05,208,655,1.68,9,2015,5,0,123.57142857142857,93.86792452830188,97.09036144578313,Category A,Store 1,North
2015-09-06,76,579,1.68,9,2015,6,0,123.28571428571429,93.86792452830188,97.09036144578313,Category A,Store 1,North
2015-09-07,240,339,1.68,9,2015,0,0,156.71428571428572,93.86792452830188,97.09036144578313,Category A,Store 1,North
2015-09-08,52,575,1.01,9,2015,1,0,146.14285714285714,93.86792452830188,97.09036144578313,Category A,Store 1,North
2015-09-09,111,464,0.94,9,2015,2,0,127.71428571428571,93.86792452830188,97.09036144578313,Category A,Store 1,North
2015-09-10,176,288,0.97,9,2015,3,0,143.28571428571428,93.86792452830188,97.09036144578313,Category A,Store 1,North
2015-09-11,84,300,1.01,9,2015,4,0,135.28571428571428,93.86792452830188,97.09036144578313,Category A,Store 1,North
2015-09-12,171,129,1.0,9,2015,5,0,130.0,93.86792452830188,97.09036144578313,Category A,Store 1,North
2015-09-13,102,27,0.99,9,2015,6,0,133.71428571428572,93.86792452830188,97.09036144578313,Category A,Store 1,North
2015-09-14,69,0,0.97,9,2015,0,0,109.28571428571429,93.86792452830188,97.09036144578313,Category A,Store 1,North
2015-09-15,77,0,0.93,9,2015,1,0,112.85714285714286,93.86792452830188,97.09036144578313,Category A,Store 1,North
2015-09-16,174,0,0.97,9,2015,2,0,121.85714285714286,93.86792452830188,97.09036144578313,Category A,Store 1,North
2015-09-17,69,0,1.68,9,2015,3,0,106.57142857142857,93.86792452830188,97.09036144578313,Category A,Store 1,North
2015-09-18,52,930,1.68,9,2015,4,0,102.0,93.86792452830188,97.09036144578313,Category A,Store 1,North
2015-09-19,42,1080,1.68,9,2015,5,0,83.57142857142857,93.86792452830188,97.09036144578313,Category A,Store 1,North
2015-09-20,1,1079,1.69,9,2015,6,0,69.14285714285714,93.86792452830188,97.09036144578313,Category A,Store 1,North
2015-09-21,62,1016,1.68,9,2015,0,0,68.14285714285714,93.86792452830188,97.09036144578313,Category A,Store 1,North
2015-09-22,88,928,1.68,9,2015,1,0,69.71428571428571,93.86792452830188,97.09036144578313,Category A,Store 1,North
2015-09-23,60,1348,1.68,9,2015,2,0,53.42857142857143,93.86792452830188,97.09036144578313,Category A,Store 1,North
2015-09-24,2,1442,1.66,9,2015,3,0,43.857142857142854,93.86792452830188,97.09036144578313,Category A,Store 1,North
2015-09-25,3,1631,1.69,9,2015,4,0,36.857142857142854,93.86792452830188,97.09036144578313,Category A,Store 1,North
2015-09-26,9,1622,1.76,9,2015,5,0,32.142857142857146,93.86792452830188,97.09036144578313,Category A,Store 1,North
2015-09-27,142,1480,1.78,9,2015,6,0,52.285714285714285,93.86792452830188,97.09036144578313,Category A,Store 1,North
2015-09-28,90,1580,1.78,9,2015,0,0,56.285714285714285,93.86792452830188,97.09036144578313,Category A,Store 1,North
2015-09-29,20,1560,1.78,9,2015,1,0,46.57142857142857,93.86792452830188,97.09036144578313,Category A,Store 1,North
2015-09-30,37,1523,1.78,9,2015,2,0,43.285714285714285,93.86792452830188,97.09036144578313,Category A,Store 1,North
2015-10-01,86,1437,1.78,10,2015,3,0,55.285714285714285,108.69354838709677,97.09036144578313,Category A,Store 1,North
2015-10-02,166,1367,1.78,10,2015,4,0,78.57142857142857,108.69354838709677,97.09036144578313,Category A,Store 1,North
2015-10-03,391,976,1.48,10,2015,5,0,133.14285714285714,108.69354838709677,97.09036144578313,Category A,Store 1,North
2015-10-04,56,919,1.47,10,2015,6,0,120.85714285714286,108.69354838709677,97.09036144578313,Category A,Store 1,North
2015-10-05,64,951,1.47,10,2015,0,0,117.14285714285714,108.69354838709677,97.09036144578313,Category A,Store 1,North
2015-10-06,35,916,1.48,10,2015,1,0,119.28571428571429,108.69354838709677,97.09036144578313,Category A,Store 1,North
2015-10-07,40,875,1.47,10,2015,2,0,119.71428571428571,108.69354838709677,97.09036144578313,Category A,Store 1,North
2015-10-08,21,1526,1.48,10,2015,3,0,110.42857142857143,108.69354838709677,97.09036144578313,Category A,Store 1,North
2015-10-09,42,1484,1.48,10,2015,4,0,92.71428571428571,108.69354838709677,97.09036144578313,Category A,Store 1,North
2015-10-10,95,1389,1.48,10,2015,5,0,50.42857142857143,108.69354838709677,97.09036144578313,Category A,Store 1,North
2015-10-11,85,1304,1.48,10,2015,6,0,54.57142857142857,108.69354838709677,97.09036144578313,Category A,Store 1,North
2015-10-12,140,1356,1.47,10,2015,0,0,65.42857142857143,108.69354838709677,97.09036144578313,Category A,Store 1,North
2015-10-13,80,1276,1.48,10,2015,1,0,71.85714285714286,108.69354838709677,97.09036144578313,Category A,Store 1,North
2015-10-14,91,1185,1.48,10,2015,2,0,79.14285714285714,108.69354838709677,97.09036144578313,Category A,Store 1,North
2015-10-15,65,1120,1.48,10,2015,3,0,85.42857142857143,108.69354838709677,97.09036144578313,Category A,Store 1,North
2015-10-16,166,1146,1.48,10,2015,4,0,103.14285714285714,108.69354838709677,97.09036144578313,Category A,Store 1,North
2015-10-17,137,1297,1.48,10,2015,5,0,109.14285714285714,108.69354838709677,97.09036144578313,Category A,Store 1,North
2015-10-18,174,1123,1.48,10,2015,6,0,121.85714285714286,108.69354838709677,97.09036144578313,Category A,Store 1,North
2015-10-19,120,1291,1.48,10,2015,0,0,119.0,108.69354838709677,97.09036144578313,Category A,Store 1,North
2015-10-20,93,1198,1.78,10,2015,1,0,120.85714285714286,108.69354838709677,97.09036144578313,Category A,Store 1,North
2015-10-21,100,1096,1.78,10,2015,2,0,122.14285714285714,108.69354838709677,97.09036144578313,Category A,Store 1,North
2015-10-22,137,1055,1.27,10,2015,3,0,132.42857142857142,108.69354838709677,97.09036144578313,Category A,Store 1,North
2015-10-23,241,1006,1.27,10,2015,4,0,143.14285714285714,108.69354838709677,97.09036144578313,Category A,Store 1,North
2015-10-24,113,893,1.27,10,2015,5,0,139.71428571428572,108.69354838709677,97.09036144578313,Category A,Store 1,North
2015-10-25,257,636,1.28,10,2015,6,0,151.57142857142858,108.69354838709677,97.09036144578313,Category A,Store 1,North
2015-10-26,166,474,1.28,10,2015,0,0,158.14285714285714,108.69354838709677,97.09036144578313,Category A,Store 1,North
2015-10-27,162,312,1.28,10,2015,1,0,168.0,108.69354838709677,97.09036144578313,Category A,Store 1,North
2015-10-28,247,1121,1.28,10,2015,2,0,189.0,108.69354838709677,97.09036144578313,Category A,Store 1,North
2015-10-29,70,1435,1.78,10,2015,3,0,179.42857142857142,108.69354838709677,97.09036144578313,Category A,Store 1,North
2015-10-30,139,1296,1.35,10,2015,4,0,164.85714285714286,108.69354838709677,97.09036144578313,Category A,Store 1,North
2015-10-31,195,1293,1.34,10,2015,5,0,176.57142857142858,108.69354838709677,97.09036144578313,Category A,Store 1,North
2015-11-01,206,1087,1.34,11,2015,6,0,169.28571428571428,95.42857142857143,97.09036144578313,Category A,Store 1,North
2015-11-02,268,819,1.35,11,2015,0,0,183.85714285714286,95.42857142857143,97.09036144578313,Category A,Store 1,North
2015-11-03,59,760,1.35,11,2015,1,0,169.14285714285714,95.42857142857143,97.09036144578313,Category A,Store 1,North
2015-11-04,99,1237,1.34,11,2015,2,0,148.0,95.42857142857143,97.09036144578313,Category A,Store 1,North
2015-11-05,63,1366,1.75,11,2015,3,0,147.0,95.42857142857143,97.09036144578313,Category A,Store 1,North
2015-11-06,77,1577,1.76,11,2015,4,0,138.14285714285714,95.42857142857143,97.09036144578313,Category A,Store 1,North
2015-11-07,232,1345,2.18,11,2015,5,0,143.42857142857142,95.42857142857143,97.09036144578313,Category A,Store 1,North
2015-11-08,157,1188,2.18,11,2015,6,0,136.42857142857142,95.42857142857143,97.09036144578313,Category A,Store 1,North
2015-11-09,107,1081,2.19,11,2015,0,0,113.42857142857143,95.42857142857143,97.09036144578313,Category A,Store 1,North
2015-11-10,57,1023,2.18,11,2015,1,0,113.14285714285714,95.42857142857143,97.09036144578313,Category A,Store 1,North
2015-11-11,95,930,2.18,11,2015,2,0,112.57142857142857,95.42857142857143,97.09036144578313,Category A,Store 1,North
2015-11-12,86,844,2.19,11,2015,3,0,115.85714285714286,95.42857142857143,97.09036144578313,Category A,Store 1,North
2015-11-13,102,742,2.19,11,2015,4,0,119.42857142857143,95.42857142857143,97.09036144578313,Category A,Store 1,North
2015-11-14,184,846,1.79,11,2015,5,0,112.57142857142857,95.42857142857143,97.09036144578313,Category A,Store 1,North
2015-11-15,138,708,1.79,11,2015,6,0,109.85714285714286,95.42857142857143,97.09036144578313,Category A,Store 1,North
2015-11-16,106,698,2.19,11,2015,0,0,109.71428571428571,95.42857142857143,97.09036144578313,Category A,Store 1,North
2015-11-17,89,609,2.19,11,2015,1,0,114.28571428571429,95.42857142857143,97.09036144578313,Category A,Store 1,North
2015-11-18,107,502,2.19,11,2015,2,0,116.0,95.42857142857143,97.09036144578313,Category A,Store 1,North
2015-11-19,78,424,2.19,11,2015,3,0,114.85714285714286,95.42857142857143,97.09036144578313,Category A,Store 1,North
2015-11-20,185,238,2.19,11,2015,4,0,126.71428571428571,95.42857142857143,97.09036144578313,Category A,Store 1,North
2015-11-21,151,87,2.19,11,2015,5,0,122.0,95.42857142857143,97.09036144578313,Category A,Store 1,North
2015-11-22,97,0,2.19,11,2015,6,0,116.14285714285714,95.42857142857143,97.09036144578313,Category A,Store 1,North
2015-11-23,76,0,2.19,11,2015,0,0,111.85714285714286,95.42857142857143,97.09036144578313,Category A,Store 1,North
2015-11-24,140,0,2.19,11,2015,1,0,119.14285714285714,95.42857142857143,97.09036144578313,Category A,Store 1,North
2015-11-25,137,0,2.67,11,2015,2,0,123.42857142857143,95.42857142857143,97.09036144578313,Category A,Store 1,North
2015-11-26,84,0,2.69,11,2015,3,0,124.28571428571429,95.42857142857143,97.09036144578313,Category A,Store 1,North
2015-11-28,7,0,2.69,11,2015,5,0,98.85714285714286,95.42857142857143,97.09036144578313,Category A,Store 1,North
2015-11-29,5,0,2.69,11,2015,6,0,78.0,95.42857142857143,97.09036144578313,Category A,Store 1,North
2015-11-30,22,0,2.69,11,2015,0,0,67.28571428571429,95.42857142857143,97.09036144578313,Category A,Store 1,North
2015-12-01,36,0,2.29,12,2015,1,1,61.57142857142857,117.23809523809524,97.09036144578313,Category A,Store 1,North
2015-12-02,36,1655,2.29,12,2015,2,1,46.714285714285715,117.23809523809524,97.09036144578313,Category A,Store 1,North
2015-12-03,38,2001,2.29,12,2015,3,1,32.57142857142857,117.23809523809524,97.09036144578313,Category A,Store 1,North
2015-12-04,95,1905,2.29,12,2015,4,1,34.142857142857146,117.23809523809524,97.09036144578313,Category A,Store 1,North
2015-12-05,108,1893,2.25,12,2015,5,1,48.57142857142857,117.23809523809524,97.09036144578313,Category A,Store 1,North
2015-12-06,70,1823,2.29,12,2015,6,1,57.857142857142854,117.23809523809524,97.09036144578313,Category A,Store 1,North
2015-12-07,78,1745,2.29,12,2015,0,1,65.85714285714286,117.23809523809524,97.09036144578313,Category A,Store 1,North
2015-12-08,77,1668,2.29,12,2015,1,1,71.71428571428571,117.23809523809524,97.09036144578313,Category A,Store 1,North
2015-12-09,76,1880,2.29,12,2015,2,1,77.42857142857143,117.23809523809524,97.09036144578313,Category A,Store 1,North
2015-12-10,59,1821,2.29,12,2015,3,1,80.42857142857143,117.23809523809524,97.09036144578313,Category A,Store 1,North
2015-12-11,42,1779,2.29,12,2015,4,1,72.85714285714286,117.23809523809524,97.09036144578313,Category A,Store 1,North
2015-12-12,142,1637,2.29,12,2015,5,1,77.71428571428571,117.23809523809524,97.09036144578313,Category A,Store 1,North
2015-12-13,116,1521,2.29,12,2015,6,1,84.28571428571429,117.23809523809524,97.09036144578313,Category A,Store 1,North
2015-12-14,57,1848,2.29,12,2015,0,1,81.28571428571429,117.23809523809524,97.09036144578313,Category A,Store 1,North
2015-12-15,167,1681,2.29,12,2015,1,1,94.14285714285714,117.23809523809524,97.09036144578313,Category A,Store 1,North
2015-12-16,154,1527,2.29,12,2015,2,1,105.28571428571429,117.23809523809524,97.09036144578313,Category A,Store 1,North
2015-12-17,139,1964,1.39,12,2015,3,1,116.71428571428571,117.23809523809524,97.09036144578313,Category A,Store 1,North
2015-12-18,192,1772,1.39,12,2015,4,1,138.14285714285714,117.23809523809524,97.09036144578313,Category A,Store 1,North
2015-12-19,295,2533,1.39,12,2015,5,1,160.0,117.23809523809524,97.09036144578313,Category A,Store 1,North
2015-12-20,311,2222,1.39,12,2015,6,1,187.85714285714286,117.23809523809524,97.09036144578313,Category A,Store 1,North
2015-12-21,251,1971,1.39,12,2015,0,1,215.57142857142858,117.23809523809524,97.09036144578313,Category A,Store 1,North
2015-12-22,377,1594,1.39,12,2015,1,1,245.57142857142858,117.23809523809524,97.09036144578313,Category A,Store 1,North
2015-12-23,410,1184,1.39,12,2015,2,1,282.14285714285717,117.23809523809524,97.09036144578313,Category A,Store 1,North
2015-12-24,161,1023,1.39,12,2015,3,1,285.2857142857143,117.23809523809524,97.09036144578313,Category A,Store 1,North
2015-12-26,212,811,1.39,12,2015,5,1,288.14285714285717,117.23809523809524,97.09036144578313,Category A,Store 1,North
2015-12-27,106,705,1.39,12,2015,6,1,261.14285714285717,117.23809523809524,97.09036144578313,Category A,Store 1,North
2015-12-28,100,604,1.39,12,2015,0,1,231.0,117.23809523809524,97.09036144578313,Category A,Store 1,North
2015-12-29,9,595,1.39,12,2015,1,1,196.42857142857142,117.23809523809524,97.09036144578313,Category A,Store 1,North
2016-01-02,3,592,1.39,1,2016,5,0,143.0,107.5,136.01492537313433,Category A,Store 1,North
2016-01-05,3,589,1.46,1,2016,1,0,84.85714285714286,107.5,136.01492537313433,Category A,Store 1,North
2016-01-06,3,586,1.46,1,2016,2,0,62.285714285714285,107.5,136.01492537313433,Category A,Store 1,North
2016-01-08,2,584,1.46,1,2016,4,0,32.285714285714285,107.5,136.01492537313433,Category A,Store 1,North
2016-01-10,3,581,1.46,1,2016,6,0,17.571428571428573,107.5,136.01492537313433,Category A,Store 1,North
2016-01-12,103,478,1.46,1,2016,1,0,18.0,107.5,136.01492537313433,Category A,Store 1,North
2016-01-13,164,314,1.46,1,2016,2,0,40.142857142857146,107.5,136.01492537313433,Category A,Store 1,North
2016-01-14,118,196,1.46,1,2016,3,0,56.57142857142857,107.5,136.01492537313433,Category A,Store 1,North
2016-01-15,65,131,1.46,1,2016,4,0,65.42857142857143,107.5,136.01492537313433,Category A,Store 1,North
2016-01-16,24,107,1.46,1,2016,5,0,68.42857142857143,107.5,136.01492537313433,Category A,Store 1,North
2016-01-18,1,106,1.46,1,2016,0,0,68.28571428571429,107.5,136.01492537313433,Category A,Store 1,North
2016-01-20,1,105,1.46,1,2016,2,0,68.0,107.5,136.01492537313433,Category A,Store 1,North
2016-01-21,60,3213,1.46,1,2016,3,0,61.857142857142854,107.5,136.01492537313433,Category A,Store 1,North
2016-01-22,103,3110,1.35,1,2016,4,0,53.142857142857146,107.5,136.01492537313433,Category A,Store 1,North
2016-01-23,263,2847,1.39,1,2016,5,0,73.85714285714286,107.5,136.01492537313433,Category A,Store 1,North
2016-01-24,189,2658,1.39,1,2016,6,0,91.57142857142857,107.5,136.01492537313433,Category A,Store 1,North
2016-01-25,197,2461,1.39,1,2016,0,0,116.28571428571429,107.5,136.01492537313433,Category A,Store 1,North
2016-01-26,105,2356,1.46,1,2016,1,0,131.14285714285714,107.5,136.01492537313433,Category A,Store 1,North
2016-01-27,129,2227,1.46,1,2016,2,0,149.42857142857142,107.5,136.01492537313433,Category A,Store 1,North
2016-01-28,144,2083,1.46,1,2016,3,0,161.42857142857142,107.5,136.01492537313433,Category A,Store 1,North
2016-01-29,173,1910,1.79,1,2016,4,0,171.42857142857142,107.5,136.01492537313433,Category A,Store 1,North
2016-01-30,293,1617,1.79,1,2016,5,0,175.71428571428572,107.5,136.01492537313433,Category A,Store 1,North
2016-01-31,219,1398,1.79,1,2016,6,0,180.0,107.5,136.01492537313433,Category A,Store 1,North
2016-02-01,131,1267,1.79,2,2016,0,0,170.57142857142858,81.5421686746988,136.01492537313433,Category A,Store 1,North
2016-02-02,184,1083,1.79,2,2016,1,0,181.85714285714286,81.5421686746988,136.01492537313433,Category A,Store 1,North
2016-02-03,266,817,1.79,2,2016,2,0,201.42857142857142,81.5421686746988,136.01492537313433,Category A,Store 1,North
2016-02-04,98,815,2.18,2,2016,3,0,194.85714285714286,81.5421686746988,136.01492537313433,Category A,Store 1,North
2016-02-05,67,1420,2.29,2,2016,4,0,179.71428571428572,81.5421686746988,136.01492537313433,Category A,Store 1,North
2016-02-06,85,1335,2.29,2,2016,5,0,150.0,81.5421686746988,136.01492537313433,Category A,Store 1,North
2016-02-07,78,1257,2.29,2,2016,6,0,129.85714285714286,81.5421686746988,136.01492537313433,Category A,Store 1,North
2016-02-08,71,1185,2.19,2,2016,0,0,121.28571428571429,81.5421686746988,136.01492537313433,Category A,Store 1,North
2016-02-09,113,1072,2.19,2,2016,1,0,111.14285714285714,81.5421686746988,136.01492537313433,Category A,Store 1,North
2016-02-10,138,1894,2.19,2,2016,2,0,92.85714285714286,81.5421686746988,136.01492537313433,Category A,Store 1,North
2016-02-11,98,1796,2.19,2,2016,3,0,92.85714285714286,81.5421686746988,136.01492537313433,Category A,Store 1,North
2016-02-12,96,1700,2.19,2,2016,4,0,97.0,81.5421686746988,136.01492537313433,Category A,Store 1,North
2016-02-13,190,1510,2.19,2,2016,5,0,112.0,81.5421686746988,136.01492537313433,Category A,Store 1,North
2016-02-14,105,1510,2.19,2,2016,6,0,115.85714285714286,81.5421686746988,136.01492537313433,Category A,Store 1,North
2016-02-15,25,1510,2.19,2,2016,0,0,109.28571428571429,81.5421686746988,136.01492537313433,Category A,Store 1,North
2016-02-16,47,1909,2.19,2,2016,1,0,99.85714285714286,81.5421686746988,136.01492537313433,Category A,Store 1,North
2016-02-17,63,1845,2.19,2,2016,2,0,89.14285714285714,81.5421686746988,136.01492537313433,Category A,Store 1,North
2016-02-18,39,1806,2.19,2,2016,3,0,80.71428571428571,81.5421686746988,136.01492537313433,Category A,Store 1,North
2016-02-19,35,1771,2.19,2,2016,4,0,72.0,81.5421686746988,136.01492537313433,Category A,Store 1,North
2016-02-20,77,1982,2.19,2,2016,5,0,55.857142857142854,81.5421686746988,136.01492537313433,Category A,Store 1,North
2016-02-21,60,1922,2.19,2,2016,6,0,49.42857142857143,81.5421686746988,136.01492537313433,Category A,Store 1,North
2016-02-22,52,1870,2.19,2,2016,0,0,53.285714285714285,81.5421686746988,136.01492537313433,Category A,Store 1,North
2016-02-23,51,1819,2.19,2,2016,1,0,53.857142857142854,81.5421686746988,136.01492537313433,Category A,Store 1,North
2016-02-24,37,1782,2.19,2,2016,2,0,50.142857142857146,81.5421686746988,136.01492537313433,Category A,Store 1,North
2016-02-25,42,1740,2.19,2,2016,3,0,50.57142857142857,81.5421686746988,136.01492537313433,Category A,Store 1,North
2016-02-26,89,1651,2.19,2,2016,4,0,58.285714285714285,81.5421686746988,136.01492537313433,Category A,Store 1,North
2016-02-27,217,1367,2.19,2,2016,5,0,78.28571428571429,81.5421686746988,136.01492537313433,Category A,Store 1,North
2016-02-28,197,1170,2.19,2,2016,6,0,97.85714285714286,81.5421686746988,136.01492537313433,Category A,Store 1,North
2016-02-29,81,1089,2.19,2,2016,0,0,102.0,81.5421686746988,136.01492537313433,Category A,Store 1,North
2016-03-01,58,1607,2.19,3,2016,1,0,103.0,86.76404494382022,136.01492537313433,Category A,Store 1,North
2016-03-02,120,1487,2.19,3,2016,2,0,114.85714285714286,86.76404494382022,136.01492537313433,Category A,Store 1,North
2016-03-03,64,1423,2.19,3,2016,3,0,118.0,86.76404494382022,136.01492537313433,Category A,Store 1,North
2016-03-04,64,1743,2.59,3,2016,4,0,114.42857142857143,86.76404494382022,136.01492537313433,Category A,Store 1,North
2016-03-05,76,1667,2.59,3,2016,5,0,94.28571428571429,86.76404494382022,136.01492537313433,Category A,Store 1,North
2016-03-06,86,1581,2.59,3,2016,6,0,78.42857142857143,86.76404494382022,136.01492537313433,Category A,Store 1,North
2016-03-07,98,1867,2.59,3,2016,0,0,80.85714285714286,86.76404494382022,136.01492537313433,Category A,Store 1,North
2016-03-08,53,1814,2.59,3,2016,1,0,80.14285714285714,86.76404494382022,136.01492537313433,Category A,Store 1,North
2016-03-09,38,1774,2.59,3,2016,2,0,68.42857142857143,86.76404494382022,136.01492537313433,Category A,Store 1,North
2016-03-10,46,1728,2.19,3,2016,3,0,65.85714285714286,86.76404494382022,136.01492537313433,Category A,Store 1,North
2016-03-11,45,1779,2.19,3,2016,4,0,63.142857142857146,86.76404494382022,136.01492537313433,Category A,Store 1,North
2016-03-12,67,1712,2.19,3,2016,5,0,61.857142857142854,86.76404494382022,136.01492537313433,Category A,Store 1,North
2016-03-13,52,1660,2.19,3,2016,6,0,57.0,86.76404494382022,136.01492537313433,Category A,Store 1,North
2016-03-14,24,1825,2.19,3,2016,0,0,46.42857142857143,86.76404494382022,136.01492537313433,Category A,Store 1,North
2016-03-15,51,1774,2.19,3,2016,1,0,46.142857142857146,86.76404494382022,136.01492537313433,Category A,Store 1,North
2016-03-16,127,1647,2.19,3,2016,2,0,58.857142857142854,86.76404494382022,136.01492537313433,Category A,Store 1,North
2016-03-17,75,1572,2.19,3,2016,3,0,63.0,86.76404494382022,136.01492537313433,Category A,Store 1,North
2016-03-18,62,1510,2.19,3,2016,4,0,65.42857142857143,86.76404494382022,136.01492537313433,Category A,Store 1,North
2016-03-19,128,1478,1.99,3,2016,5,0,74.14285714285714,86.76404494382022,136.01492537313433,Category A,Store 1,North
2016-03-20,138,1340,1.99,3,2016,6,0,86.42857142857143,86.76404494382022,136.01492537313433,Category A,Store 1,North
2016-03-21,74,1554,1.99,3,2016,0,0,93.57142857142857,86.76404494382022,136.01492537313433,Category A,Store 1,North
2016-03-22,73,1480,2.59,3,2016,1,0,96.71428571428571,86.76404494382022,136.01492537313433,Category A,Store 1,North
2016-03-23,100,1380,2.59,3,2016,2,0,92.85714285714286,86.76404494382022,136.01492537313433,Category A,Store 1,North
2016-03-24,71,1501,2.59,3,2016,3,0,92.28571428571429,86.76404494382022,136.01492537313433,Category A,Store 1,North
2016-03-25,99,1402,2.59,3,2016,4,0,97.57142857142857,86.76404494382022,136.01492537313433,Category A,Store 1,North
2016-03-26,102,1396,2.59,3,2016,5,0,93.85714285714286,86.76404494382022,136.01492537313433,Category A,Store 1,North
2016-03-27,57,1339,2.59,3,2016,6,0,82.28571428571429,86.76404494382022,136.01492537313433,Category A,Store 1,North
2016-03-28,23,1507,2.59,3,2016,0,0,75.0,86.76404494382022,136.01492537313433,Category A,Store 1,North
2016-03-29,35,1760,2.59,3,2016,1,0,69.57142857142857,86.76404494382022,136.01492537313433,Category A,Store 1,North
2016-03-30,59,1701,2.59,3,2016,2,0,63.714285714285715,86.76404494382022,136.01492537313433,Category A,Store 1,North
2016-03-31,41,1660,2.59,3,2016,3,0,59.42857142857143,86.76404494382022,136.01492537313433,Category A,Store 1,North
2016-04-01,68,1592,2.59,4,2016,4,0,55.0,91.47191011235955,136.01492537313433,Category A,Store 1,North
2016-04-02,84,1508,2.59,4,2016,5,0,52.42857142857143,91.47191011235955,136.01492537313433,Category A,Store 1,North
2016-04-03,42,1466,2.59,4,2016,6,0,50.285714285714285,91.47191011235955,136.01492537313433,Category A,Store 1,North
2016-04-04,95,1659,2.59,4,2016,0,0,60.57142857142857,91.47191011235955,136.01492537313433,Category A,Store 1,North
2016-04-05,85,1574,2.59,4,2016,1,0,67.71428571428571,91.47191011235955,136.01492537313433,Category A,Store 1,North
2016-04-06,102,1472,2.59,4,2016,2,0,73.85714285714286,91.47191011235955,136.01492537313433,Category A,Store 1,North
2016-04-07,111,1457,2.59,4,2016,3,0,83.85714285714286,91.47191011235955,136.01492537313433,Category A,Store 1,North
2016-04-08,113,1344,2.59,4,2016,4,0,90.28571428571429,91.47191011235955,136.01492537313433,Category A,Store 1,North
2016-04-09,208,1136,2.59,4,2016,5,0,108.0,91.47191011235955,136.01492537313433,Category A,Store 1,North
2016-04-10,148,988,2.59,4,2016,6,0,123.14285714285714,91.47191011235955,136.01492537313433,Category A,Store 1,North
2016-04-11,123,2017,2.59,4,2016,0,0,127.14285714285714,91.47191011235955,136.01492537313433,Category A,Store 1,North
2016-04-12,62,1955,2.59,4,2016,1,0,123.85714285714286,91.47191011235955,136.01492537313433,Category A,Store 1,North
2016-04-13,129,1825,2.59,4,2016,2,0,127.71428571428571,91.47191011235955,136.01492537313433,Category A,Store 1,North
2016-04-14,102,1723,2.59,4,2016,3,0,126.42857142857143,91.47191011235955,136.01492537313433,Category A,Store 1,North
2016-04-15,110,3917,2.59,4,2016,4,0,126.0,91.47191011235955,136.01492537313433,Category A,Store 1,North
2016-04-16,202,3715,2.59,4,2016,5,0,125.14285714285714,91.47191011235955,136.01492537313433,Category A,Store 1,North
2016-04-17,144,3571,2.59,4,2016,6,0,124.57142857142857,91.47191011235955,136.01492537313433,Category A,Store 1,North
2016-04-18,84,3487,2.59,4,2016,0,0,119.0,91.47191011235955,136.01492537313433,Category A,Store 1,North
2016-04-19,127,3360,1.89,4,2016,1,0,128.28571428571428,91.47191011235955,136.01492537313433,Category A,Store 1,North
2016-04-20,181,3179,1.89,4,2016,2,0,135.71428571428572,91.47191011235955,136.01492537313433,Category A,Store 1,North
2016-04-21,268,2911,1.89,4,2016,3,0,159.42857142857142,91.47191011235955,136.01492537313433,Category A,Store 1,North
2016-04-22,278,2636,1.89,4,2016,4,0,183.42857142857142,91.47191011235955,136.01492537313433,Category A,Store 1,North
2016-04-23,234,2402,1.89,4,2016,5,0,188.0,91.47191011235955,136.01492537313433,Category A,Store 1,North
2016-04-24,133,2269,1.89,4,2016,6,0,186.42857142857142,91.47191011235955,136.01492537313433,Category A,Store 1,North
2016-04-25,91,2178,1.89,4,2016,0,0,187.42857142857142,91.47191011235955,136.01492537313433,Category A,Store 1,North
2016-04-26,83,2095,2.59,4,2016,1,0,181.14285714285714,91.47191011235955,136.01492537313433,Category A,Store 1,North
2016-04-27,139,1956,2.59,4,2016,2,0,175.14285714285714,91.47191011235955,136.01492537313433,Category A,Store 1,North
2016-04-28,113,1843,2.59,4,2016,3,0,153.0,91.47191011235955,136.01492537313433,Category A,Store 1,North
2016-04-29,141,1702,2.59,4,2016,4,0,133.42857142857142,91.47191011235955,136.01492537313433,Category A,Store 1,North
2016-04-30,228,1474,2.59,4,2016,5,0,132.57142857142858,91.47191011235955,136.01492537313433,Category A,Store 1,North
2016-05-01,163,1311,2.59,5,2016,6,0,136.85714285714286,112.64179104477611,136.01492537313433,Category A,Store 1,North
2016-05-03,125,1768,2.57,5,2016,1,0,141.71428571428572,112.64179104477611,136.01492537313433,Category A,Store 1,North
2016-05-04,180,1876,2.59,5,2016,2,0,155.57142857142858,112.64179104477611,136.01492537313433,Category A,Store 1,North
2016-05-05,222,1846,1.88,5,2016,3,0,167.42857142857142,112.64179104477611,136.01492537313433,Category A,Store 1,North
2016-05-06,243,1602,1.89,5,2016,4,0,186.0,112.64179104477611,136.01492537313433,Category A,Store 1,North
2016-05-07,408,1196,1.89,5,2016,5,0,224.14285714285714,112.64179104477611,136.01492537313433,Category A,Store 1,North
2016-05-08,181,1014,1.89,5,2016,6,0,217.42857142857142,112.64179104477611,136.01492537313433,Category A,Store 1,North
2016-05-09,176,838,1.88,5,2016,0,0,219.28571428571428,112.64179104477611,136.01492537313433,Category A,Store 1,North
2016-05-10,178,660,1.89,5,2016,1,0,226.85714285714286,112.64179104477611,136.01492537313433,Category A,Store 1,North
2016-05-11,310,348,1.38,5,2016,2,0,245.42857142857142,112.64179104477611,136.01492537313433,Category A,Store 1,North
2016-05-12,134,213,1.89,5,2016,3,0,232.85714285714286,112.64179104477611,136.01492537313433,Category A,Store 1,North
2016-05-13,132,81,1.89,5,2016,4,0,217.0,112.64179104477611,136.01492537313433,Category A,Store 1,North
2016-05-14,1,80,1.89,5,2016,5,0,158.85714285714286,112.64179104477611,136.01492537313433,Category A,Store 1,North
2016-05-18,110,2262,2.59,5,2016,2,0,148.71428571428572,112.64179104477611,136.01492537313433,Category A,Store 1,North
2016-05-19,81,2181,2.59,5,2016,3,0,135.14285714285714,112.64179104477611,136.01492537313433,Category A,Store 1,North
2016-05-20,112,2069,2.59,5,2016,4,0,125.71428571428571,112.64179104477611,136.01492537313433,Category A,Store 1,North
2016-05-21,186,2069,2.59,5,2016,5,0,108.0,112.64179104477611,136.01492537313433,Category A,Store 1,North
2016-05-22,113,1770,2.59,5,2016,6,0,105.0,112.64179104477611,136.01492537313433,Category A,Store 1,North
2016-05-23,86,1684,2.59,5,2016,0,0,98.42857142857143,112.64179104477611,136.01492537313433,Category A,Store 1,North
2016-05-24,59,1817,2.59,5,2016,1,0,106.71428571428571,112.64179104477611,136.01492537313433,Category A,Store 1,North
2016-05-25,94,5946,2.59,5,2016,2,0,104.42857142857143,112.64179104477611,136.01492537313433,Category A,Store 1,North
2016-05-26,167,5779,2.59,5,2016,3,0,116.71428571428571,112.64179104477611,136.01492537313433,Category A,Store 1,North
2016-05-27,244,5535,2.59,5,2016,4,0,135.57142857142858,112.64179104477611,136.01492537313433,Category A,Store 1,North
2016-05-28,261,5273,2.59,5,2016,5,0,146.28571428571428,112.64179104477611,136.01492537313433,Category A,Store 1,North
2016-05-29,187,5085,2.59,5,2016,6,0,156.85714285714286,112.64179104477611,136.01492537313433,Category A,Store 1,North
2016-05-30,115,4970,2.59,5,2016,0,0,161.0,112.64179104477611,136.01492537313433,Category A,Store 1,North
2016-05-31,139,4831,2.59,5,2016,1,0,172.42857142857142,112.64179104477611,136.01492537313433,Category A,Store 1,North
2016-06-01,273,4558,2.59,6,2016,2,0,198.0,142.84337349397592,136.01492537313433,Category A,Store 1,North
2016-06-02,235,4323,2.59,6,2016,3,0,207.71428571428572,142.84337349397592,136.01492537313433,Category A,Store 1,North
2016-06-03,172,4151,2.59,6,2016,4,0,197.42857142857142,142.84337349397592,136.01492537313433,Category A,Store 1,North
2016-06-04,323,3828,2.59,6,2016,5,0,206.28571428571428,142.84337349397592,136.01492537313433,Category A,Store 1,North
2016-06-05,336,3492,2.59,6,2016,6,0,227.57142857142858,142.84337349397592,136.01492537313433,Category A,Store 1,North
2016-06-06,127,3365,2.59,6,2016,0,0,229.28571428571428,142.84337349397592,136.01492537313433,Category A,Store 1,North
2016-06-07,137,3228,2.59,6,2016,1,0,229.0,142.84337349397592,136.01492537313433,Category A,Store 1,North
2016-06-08,249,2979,2.59,6,2016,2,0,225.57142857142858,142.84337349397592,136.01492537313433,Category A,Store 1,North
2016-06-09,201,2778,2.59,6,2016,3,0,220.71428571428572,142.84337349397592,136.01492537313433,Category A,Store 1,North
2016-06-10,271,2507,1.81,6,2016,4,0,234.85714285714286,142.84337349397592,136.01492537313433,Category A,Store 1,North
2016-06-11,512,2187,1.65,6,2016,5,0,261.85714285714283,142.84337349397592,136.01492537313433,Category A,Store 1,North
2016-06-12,317,1870,1.66,6,2016,6,0,259.14285714285717,142.84337349397592,136.01492537313433,Category A,Store 1,North
2016-06-13,224,1646,1.66,6,2016,0,0,273.0,142.84337349397592,136.01492537313433,Category A,Store 1,North
2016-06-14,239,1407,1.63,6,2016,1,0,287.57142857142856,142.84337349397592,136.01492537313433,Category A,Store 1,North
2016-06-15,377,1182,1.63,6,2016,2,0,305.85714285714283,142.84337349397592,136.01492537313433,Category A,Store 1,North
2016-06-16,239,1423,1.69,6,2016,3,0,311.2857142857143,142.84337349397592,136.01492537313433,Category A,Store 1,North
2016-06-17,243,1756,1.66,6,2016,4,0,307.2857142857143,142.84337349397592,136.01492537313433,Category A,Store 1,North
2016-06-18,438,1318,1.66,6,2016,5,0,296.7142857142857,142.84337349397592,136.01492537313433,Category A,Store 1,North
2016-06-19,334,985,1.68,6,2016,6,0,299.14285714285717,142.84337349397592,136.01492537313433,Category A,Store 1,North
2016-06-20,149,836,2.59,6,2016,0,0,288.42857142857144,142.84337349397592,136.01492537313433,Category A,Store 1,North
2016-06-21,32,803,2.59,6,2016,1,0,258.85714285714283,142.84337349397592,136.01492537313433,Category A,Store 1,North
2016-06-22,39,2204,2.59,6,2016,2,0,210.57142857142858,142.84337349397592,136.01492537313433,Category A,Store 1,North
2016-06-23,42,2738,2.59,6,2016,3,0,182.42857142857142,142.84337349397592,136.01492537313433,Category A,Store 1,North
2016-06-24,64,2674,2.39,6,2016,4,0,156.85714285714286,142.84337349397592,136.01492537313433,Category A,Store 1,North
2016-06-25,170,2504,2.39,6,2016,5,0,118.57142857142857,142.84337349397592,136.01492537313433,Category A,Store 1,North
2016-06-26,132,2372,2.39,6,2016,6,0,89.71428571428571,142.84337349397592,136.01492537313433,Category A,Store 1,North
2016-06-27,123,2249,2.39,6,2016,0,0,86.0,142.84337349397592,136.01492537313433,Category A,Store 1,North
2016-06-28,78,2171,2.39,6,2016,1,0,92.57142857142857,142.84337349397592,136.01492537313433,Category A,Store 1,North
2016-06-29,130,2041,2.39,6,2016,2,0,105.57142857142857,142.84337349397592,136.01492537313433,Category A,Store 1,North
2016-06-30,141,1900,2.39,6,2016,3,0,119.71428571428571,142.84337349397592,136.01492537313433,Category A,Store 1,North
2016-07-01,247,1653,2.39,7,2016,4,0,145.85714285714286,117.3625,136.01492537313433,Category A,Store 1,North
2016-07-02,322,1331,2.39,7,2016,5,0,167.57142857142858,117.3625,136.01492537313433,Category A,Store 1,North
2016-07-03,196,1135,2.39,7,2016,6,0,176.71428571428572,117.3625,136.01492537313433,Category A,Store 1,North
2016-07-04,172,963,2.39,7,2016,0,0,183.71428571428572,117.3625,136.01492537313433,Category A,Store 1,North
2016-07-05,218,1413,2.39,7,2016,1,0,203.71428571428572,117.3625,136.01492537313433,Category A,Store 1,North
2016-07-06,216,1965,2.39,7,2016,2,0,216.0,117.3625,136.01492537313433,Category A,Store 1,North
2016-07-07,179,1882,2.39,7,2016,3,0,221.42857142857142,117.3625,136.01492537313433,Category A,Store 1,North
2016-07-08,32,2234,2.39,7,2016,4,0,190.71428571428572,117.3625,136.01492537313433,Category A,Store 1,North
2016-07-09,95,2139,2.39,7,2016,5,0,158.28571428571428,117.3625,136.01492537313433,Category A,Store 1,North
2016-07-10,78,2061,2.39,7,2016,6,0,141.42857142857142,117.3625,136.01492537313433,Category A,Store 1,North
2016-07-11,122,1939,2.39,7,2016,0,0,134.28571428571428,117.3625,136.01492537313433,Category A,Store 1,North
2016-07-12,164,1967,1.89,7,2016,1,0,126.57142857142857,117.3625,136.01492537313433,Category A,Store 1,North
2016-07-13,288,1670,1.89,7,2016,2,0,136.85714285714286,117.3625,136.01492537313433,Category A,Store 1,North
2016-07-14,138,1532,1.89,7,2016,3,0,131.0,117.3625,136.01492537313433,Category A,Store 1,North
2016-07-15,189,1343,1.89,7,2016,4,0,153.42857142857142,117.3625,136.01492537313433,Category A,Store 1,North
2016-07-16,321,1022,1.89,7,2016,5,0,185.71428571428572,117.3625,136.01492537313433,Category A,Store 1,North
2016-07-17,209,813,1.89,7,2016,6,0,204.42857142857142,117.3625,136.01492537313433,Category A,Store 1,North
2016-07-18,161,1420,1.89,7,2016,0,0,210.0,117.3625,136.01492537313433,Category A,Store 1,North
2016-07-19,157,1359,1.89,7,2016,1,0,209.0,117.3625,136.01492537313433,Category A,Store 1,North
2016-07-20,283,1075,1.89,7,2016,2,0,208.28571428571428,117.3625,136.01492537313433,Category A,Store 1,North
2016-07-21,60,1015,2.39,7,2016,3,0,197.14285714285714,117.3625,136.01492537313433,Category A,Store 1,North
2016-07-22,98,917,2.39,7,2016,4,0,184.14285714285714,117.3625,136.01492537313433,Category A,Store 1,North
2016-07-23,133,1550,2.39,7,2016,5,0,157.28571428571428,117.3625,136.01492537313433,Category A,Store 1,North
2016-07-24,130,1420,2.39,7,2016,6,0,146.0,117.3625,136.01492537313433,Category A,Store 1,North
2016-07-25,62,1358,2.39,7,2016,0,0,131.85714285714286,117.3625,136.01492537313433,Category A,Store 1,North
2016-07-26,97,2893,2.39,7,2016,1,0,123.28571428571429,117.3625,136.01492537313433,Category A,Store 1,North
2016-07-27,98,3179,2.39,7,2016,2,0,96.85714285714286,117.3625,136.01492537313433,Category A,Store 1,North
2016-07-28,108,3071,2.39,7,2016,3,0,103.71428571428571,117.3625,136.01492537313433,Category A,Store 1,North
2016-07-29,128,4095,2.39,7,2016,4,0,108.0,117.3625,136.01492537313433,Category A,Store 1,North
2016-07-30,270,3825,2.39,7,2016,5,0,127.57142857142857,117.3625,136.01492537313433,Category A,Store 1,North
2016-07-31,183,3642,2.39,7,2016,6,0,135.14285714285714,117.3625,136.01492537313433,Category A,Store 1,North
